congress_id,session_id,vote,vote_url,result,question_description,reference_array,issue,issue_url,date
112,1,235 (67-32),http://www.senate.gov/legislative/LIS/roll_call_lists/roll_call_vote_cfm.cfm?congress=112&session=1&vote=00235,Agreed to,"On the Conference Report: Conference Report to Accompany H.R. 2055; A bill making appropriations for military construction, the Department of Veterans Affairs, and related agencies for the fiscal year ending September 30, 2012, and for other purposes.",[],H.R. 2055,http://hdl.loc.gov/loc.uscongress/legislation.112hr2055,Dec 17
112,1,234 (43-56),http://www.senate.gov/legislative/LIS/roll_call_lists/roll_call_vote_cfm.cfm?congress=112&session=1&vote=00234,Rejected,On the Concurrent Resolution: H. Con. Res. 94; A concurrent resolution directing the Clerk of the House of Representatives to make corrections in the enrollment of H.R. 3672.,[],H.Con.Res. 94,http://hdl.loc.gov/loc.uscongress/legislation.112hconres94,Dec 17
112,1,233 (72-27),http://www.senate.gov/legislative/LIS/roll_call_lists/roll_call_vote_cfm.cfm?congress=112&session=1&vote=00233,Passed,"On Passage of the Bill: H.R. 3672; A bill making appropriations for disaster relief requirements for the fiscal year ending September 30, 2012, and for other purposes.",[],H.R. 3672,http://hdl.loc.gov/loc.uscongress/legislation.112hr3672,Dec 17
112,1,232 (89-10),http://www.senate.gov/legislative/LIS/roll_call_lists/roll_call_vote_cfm.cfm?congress=112&session=1&vote=00232,Agreed to,On the Amendment S.Amdt. 1465: Reid-McConnell Amdt. No. 1465; In the nature of a substitute.,"[[""S.Amdt. 1465"", ""http://hdl.loc.gov/loc.uscongress/legislation.112samdt1465""]]",H.R. 3630,http://hdl.loc.gov/loc.uscongress/legislation.112hr3630,Dec 17
112,1,231 (95-3),http://www.senate.gov/legislative/LIS/roll_call_lists/roll_call_vote_cfm.cfm?congress=112&session=1&vote=00231,Confirmed,"On the Nomination: Confirmation Morgan Christen, of Alaska, to be U.S. Circuit Judge",[],PN555,https://www.congress.gov/nomination/112th-congress/555,Dec 15
112,1,230 (86-13),http://www.senate.gov/legislative/LIS/roll_call_lists/roll_call_vote_cfm.cfm?congress=112&session=1&vote=00230,Agreed to,"On the Conference Report: Conference Report To Accompany H.R. 1540; To authorize appropriations for fiscal year 2012 for military activities of the Department of Defense, for military construction, and for defense activities of the Department of Energy, to prescribe military personnel strengths for such fiscal year, and for other purposes.",[],H.R. 1540,http://hdl.loc.gov/loc.uscongress/legislation.112hr1540,Dec 15
112,1,229 (47-53),http://www.senate.gov/legislative/LIS/roll_call_lists/roll_call_vote_cfm.cfm?congress=112&session=1&vote=00229,Rejected,On the Joint Resolution: S.J.Res. 10; Joint resolution proposing a balanced budget amendment to the Constitution of the United States.,[],S.J.Res. 10,http://hdl.loc.gov/loc.uscongress/legislation.112sjres10,Dec 14
112,1,228 (21-79),http://www.senate.gov/legislative/LIS/roll_call_lists/roll_call_vote_cfm.cfm?congress=112&session=1&vote=00228,Rejected,On the Joint Resolution: S.J.Res. 24; Joint resolution proposing a balanced budget amendment to the Constitution of the United States.,[],S.J.Res. 24,http://hdl.loc.gov/loc.uscongress/legislation.112sjres24,Dec 14
112,1,227 (49-37),http://www.senate.gov/legislative/LIS/roll_call_lists/roll_call_vote_cfm.cfm?congress=112&session=1&vote=00227,Rejected,"On the Cloture Motion: Cloture on the Nomination of Mari Carmen Aponte, of the District of Columbia, to be Ambassador to the Republic of El Salvador",[],PN267,https://www.congress.gov/nomination/112th-congress/267,Dec 12
112,1,226 (70-16),http://www.senate.gov/legislative/LIS/roll_call_lists/roll_call_vote_cfm.cfm?congress=112&session=1&vote=00226,Agreed to,"On the Cloture Motion: Cloture on the Nomination of Norman L. Eisen, of the District of Columbia, to be Ambassador to the Czech Republic",[],PN113,https://www.congress.gov/nomination/112th-congress/113,Dec 12
112,1,225 (22-76),http://www.senate.gov/legislative/LIS/roll_call_lists/roll_call_vote_cfm.cfm?congress=112&session=1&vote=00225,Rejected,"On the Motion to Proceed: Motion to Proceed to S. 1931; A bill to provide civilian payroll tax relief, to reduce the Federal budget deficit, and for other purposes.",[],S. 1931,http://hdl.loc.gov/loc.uscongress/legislation.112s1931,Dec 08
112,1,224 (50-48),http://www.senate.gov/legislative/LIS/roll_call_lists/roll_call_vote_cfm.cfm?congress=112&session=1&vote=00224,Rejected,"On the Motion to Proceed: Motion to Proceed to S. 1944; A bill to create jobs by providing payroll tax relief for middle class families and businesses, and for other purposes.",[],S. 1944,http://hdl.loc.gov/loc.uscongress/legislation.112s1944,Dec 08
112,1,223 (53-45),http://www.senate.gov/legislative/LIS/roll_call_lists/roll_call_vote_cfm.cfm?congress=112&session=1&vote=00223,Rejected,"On the Cloture Motion: Cloture on the Nomination of Richard Cordray, of Ohio, to be Director, Bureau of Consumer Financial Protection",[],PN784,https://www.congress.gov/nomination/112th-congress/784,Dec 08
112,1,222 (54-45),http://www.senate.gov/legislative/LIS/roll_call_lists/roll_call_vote_cfm.cfm?congress=112&session=1&vote=00222,Rejected,"On the Cloture Motion: Cloture on the Nomination of Caitlin Joan Halligan, of New York, to be U.S. Circuit Judge",[],PN5,https://www.congress.gov/nomination/112th-congress/5,Dec 06
112,1,221 (89-0),http://www.senate.gov/legislative/LIS/roll_call_lists/roll_call_vote_cfm.cfm?congress=112&session=1&vote=00221,Confirmed,"On the Nomination: Confirmation Edgardo Ramos, of Connecticut, to be U.S. District Judge for the Southern District of New York",[],PN470,https://www.congress.gov/nomination/112th-congress/470,Dec 05
112,1,220 (20-78),http://www.senate.gov/legislative/LIS/roll_call_lists/roll_call_vote_cfm.cfm?congress=112&session=1&vote=00220,Rejected,"On the Motion to Proceed: Motion to Proceed to Consider S. 1931; A bill to provide civilian payroll tax relief, to reduce the Federal budget deficit, and for other purposes.",[],S. 1931,http://hdl.loc.gov/loc.uscongress/legislation.112s1931,Dec 01
112,1,219 (51-49),http://www.senate.gov/legislative/LIS/roll_call_lists/roll_call_vote_cfm.cfm?congress=112&session=1&vote=00219,Rejected,"On the Motion to Proceed: Motion to Proceed to Consider S. 1917; A bill to create jobs by providing payroll tax relief for middle class families and businesses, and for other purposes.",[],S. 1917,http://hdl.loc.gov/loc.uscongress/legislation.112s1917,Dec 01
112,1,218 (93-7),http://www.senate.gov/legislative/LIS/roll_call_lists/roll_call_vote_cfm.cfm?congress=112&session=1&vote=00218,Passed,"On Passage of the Bill: S. 1867 As Amended; An original bill to authorize appropriations for fiscal year 2012 for military activities of the Department of Defense, for military construction, and for defense activities of the Department of Energy, to prescribe military personnel strengths for such fiscal year, and for other purposes.",[],S. 1867,http://hdl.loc.gov/loc.uscongress/legislation.112s1867,Dec 01
112,1,217 (41-59),http://www.senate.gov/legislative/LIS/roll_call_lists/roll_call_vote_cfm.cfm?congress=112&session=1&vote=00217,Rejected,On the Amendment S.Amdt. 1274: Sessions Amdt. No. 1274; To clarify the disposition under the law of war of persons detained by the Armed Forces of the United States pursuant to the Authorization for Use of Military Force.,"[[""S.Amdt. 1274"", ""http://hdl.loc.gov/loc.uscongress/legislation.112samdt1274""]]",S. 1867,http://hdl.loc.gov/loc.uscongress/legislation.112s1867,Dec 01
112,1,216 (100-0),http://www.senate.gov/legislative/LIS/roll_call_lists/roll_call_vote_cfm.cfm?congress=112&session=1&vote=00216,Agreed to,"On the Amendment S.Amdt. 1414: Menendez Amdt. No. 1414; To require the imposition of sanctions with respect to the financial sector of Iran, including the Central Bank of Iran.","[[""S.Amdt. 1414"", ""http://hdl.loc.gov/loc.uscongress/legislation.112samdt1414""]]",S. 1867,http://hdl.loc.gov/loc.uscongress/legislation.112s1867,Dec 01
112,1,215 (99-1),http://www.senate.gov/legislative/LIS/roll_call_lists/roll_call_vote_cfm.cfm?congress=112&session=1&vote=00215,Agreed to,On the Amendment S.Amdt. 1456: Feinstein Amdt. No. 1456; Of a perfecting nature.,"[[""S.Amdt. 1456"", ""http://hdl.loc.gov/loc.uscongress/legislation.112samdt1456""]]",S. 1867,http://hdl.loc.gov/loc.uscongress/legislation.112s1867,Dec 01
112,1,214 (45-55),http://www.senate.gov/legislative/LIS/roll_call_lists/roll_call_vote_cfm.cfm?congress=112&session=1&vote=00214,Rejected,On the Amendment S.Amdt. 1126: Feinstein Amdt. No. 1126; To limit the authority of the Armed Forces to detain citizens of the United States under section 1031.,"[[""S.Amdt. 1126"", ""http://hdl.loc.gov/loc.uscongress/legislation.112samdt1126""]]",S. 1867,http://hdl.loc.gov/loc.uscongress/legislation.112s1867,Dec 01
112,1,213 (45-55),http://www.senate.gov/legislative/LIS/roll_call_lists/roll_call_vote_cfm.cfm?congress=112&session=1&vote=00213,Rejected,On the Amendment S.Amdt. 1125: Feinstein Amdt. No. 1125; To clarify the applicability of requirements for military custody with respect to detainees.,"[[""S.Amdt. 1125"", ""http://hdl.loc.gov/loc.uscongress/legislation.112samdt1125""]]",S. 1867,http://hdl.loc.gov/loc.uscongress/legislation.112s1867,Dec 01
112,1,212 (88-12),http://www.senate.gov/legislative/LIS/roll_call_lists/roll_call_vote_cfm.cfm?congress=112&session=1&vote=00212,Agreed to,"On the Cloture Motion: Motion to Invoke Cloture on S. 1867; An original bill to authorize appropriations for fiscal year 2012 for military activities of the Department of Defense, for military construction, and for defense activities of the Department of Energy, to prescribe military personnel strengths for such fiscal year, and for other purposes.",[],S. 1867,http://hdl.loc.gov/loc.uscongress/legislation.112s1867,Nov 30
112,1,211 (30-67),http://www.senate.gov/legislative/LIS/roll_call_lists/roll_call_vote_cfm.cfm?congress=112&session=1&vote=00211,Rejected,On the Amendment S.Amdt. 1064: Paul Amdt. No. 1064; To repeal the Authorization for the Use of Military Force Against Iraq Resolution of 2002.,"[[""S.Amdt. 1064"", ""http://hdl.loc.gov/loc.uscongress/legislation.112samdt1064""]]",S. 1867,http://hdl.loc.gov/loc.uscongress/legislation.112s1867,Nov 29
112,1,210 (38-60),http://www.senate.gov/legislative/LIS/roll_call_lists/roll_call_vote_cfm.cfm?congress=112&session=1&vote=00210,Rejected,On the Amendment S.Amdt. 1107: Udall (CO) Amdt. No. 1107; To revise the provisions relating to detainee matters.,"[[""S.Amdt. 1107"", ""http://hdl.loc.gov/loc.uscongress/legislation.112samdt1107""]]",S. 1867,http://hdl.loc.gov/loc.uscongress/legislation.112s1867,Nov 29
112,1,209 (88-0),http://www.senate.gov/legislative/LIS/roll_call_lists/roll_call_vote_cfm.cfm?congress=112&session=1&vote=00209,Confirmed,"On the Nomination: Confirmation Christopher Droney, of Connecticut, to be United States Circuit Judge for the Second Circuit",[],PN465,https://www.congress.gov/nomination/112th-congress/465,Nov 28
112,1,208 (70-30),http://www.senate.gov/legislative/LIS/roll_call_lists/roll_call_vote_cfm.cfm?congress=112&session=1&vote=00208,Agreed to,"On the Conference Report: Conference Report to Accompany H.R. 2112; An act making consolidated appropriations for the Departments of Agriculture, Commerce, Justice, Transportation, and Housing and Urban Development, and related programs for the fiscal year ending September 30, 2012, and for other purposes.",[],H.R. 2112,http://hdl.loc.gov/loc.uscongress/legislation.112hr2112,Nov 17
112,1,207 (89-6),http://www.senate.gov/legislative/LIS/roll_call_lists/roll_call_vote_cfm.cfm?congress=112&session=1&vote=00207,Confirmed,"On the Nomination: Confirmation Yvonne Gonzalez Rogers, of California, to be U.S. District Judge",[],PN469,https://www.congress.gov/nomination/112th-congress/469,Nov 15
112,1,206 (87-8),http://www.senate.gov/legislative/LIS/roll_call_lists/roll_call_vote_cfm.cfm?congress=112&session=1&vote=00206,Confirmed,"On the Nomination: Confirmation Sharon L. Gleason, of Alaska, to be U.S. District Judge",[],PN398,https://www.congress.gov/nomination/112th-congress/398,Nov 15
112,1,205 (81-14),http://www.senate.gov/legislative/LIS/roll_call_lists/roll_call_vote_cfm.cfm?congress=112&session=1&vote=00205,Agreed to,"On the Cloture Motion: Motion to Invoke Cloture on the Motion to Proceed to Consider H.R. 2354; A bill making appropriations for energy and water development and related agencies for the fiscal year ending September 30, 2012, and for other purposes.",[],H.R. 2354,http://hdl.loc.gov/loc.uscongress/legislation.112hr2354,Nov 10
112,1,204 (95-0),http://www.senate.gov/legislative/LIS/roll_call_lists/roll_call_vote_cfm.cfm?congress=112&session=1&vote=00204,Passed,"On Passage of the Bill: H.R. 674 As Amended; To amend the Internal Revenue Code of 1986 to repeal the imposition of 3 percent withholding on certain payments made to vendors by government entities, to modify the calculation of modified adjusted gross income for purposes of determining eligibility for certain healthcare-related programs, and for other purposes.",[],H.R. 674,http://hdl.loc.gov/loc.uscongress/legislation.112hr674,Nov 10
112,1,203 (94-1),http://www.senate.gov/legislative/LIS/roll_call_lists/roll_call_vote_cfm.cfm?congress=112&session=1&vote=00203,Agreed to,"On the Amendment S.Amdt. 927: Tester Amdt. No. 927, As Modified; To amend the Internal Revenue Code of 1986 to permit a 100 percent levy for payments to Federal vendors relating to property, to require a study on how to reduce the amount of Federal taxes owed but not paid by Federal contractors, and to make certain improvements in the laws relating to the employment and training of veterans.","[[""S.Amdt. 927"", ""http://hdl.loc.gov/loc.uscongress/legislation.112samdt927""]]",H.R. 674,http://hdl.loc.gov/loc.uscongress/legislation.112hr674,Nov 10
112,1,202 (40-56),http://www.senate.gov/legislative/LIS/roll_call_lists/roll_call_vote_cfm.cfm?congress=112&session=1&vote=00202,Rejected,On the Amendment S.Amdt. 928: McCain Amdt. No. 928; To provide American jobs through economic growth.,"[[""S.Amdt. 928"", ""http://hdl.loc.gov/loc.uscongress/legislation.112samdt928""]]",H.R. 674,http://hdl.loc.gov/loc.uscongress/legislation.112hr674,Nov 10
112,1,201 (41-56),http://www.senate.gov/legislative/LIS/roll_call_lists/roll_call_vote_cfm.cfm?congress=112&session=1&vote=00201,Rejected,On the Motion to Proceed: Motion to Proceed to S.J.Res. 27; A joint resolution disapproving a rule submitted by the Environmental Protection Agency relating to the mitigation by States of cross-border air pollution under the Clean Air Act.,[],S.J.Res. 27,http://hdl.loc.gov/loc.uscongress/legislation.112sjres27,Nov 10
112,1,200 (46-52),http://www.senate.gov/legislative/LIS/roll_call_lists/roll_call_vote_cfm.cfm?congress=112&session=1&vote=00200,Rejected,On the Motion to Proceed: Motion to Proceed to S. J. Res. 6; A joint resolution disapproving the rule submitted by the Federal Communications Commission with respect to regulating the Internet and broadband industry practices.,[],S.J.Res. 6,http://hdl.loc.gov/loc.uscongress/legislation.112sjres6,Nov 10
112,1,199 (99-0),http://www.senate.gov/legislative/LIS/roll_call_lists/roll_call_vote_cfm.cfm?congress=112&session=1&vote=00199,Confirmed,"On the Nomination: Evan Jonathan Wallach, of New York, to be United States Circuit Judge",[],PN856,https://www.congress.gov/nomination/112th-congress/856,Nov 08
112,1,198 (94-1),http://www.senate.gov/legislative/LIS/roll_call_lists/roll_call_vote_cfm.cfm?congress=112&session=1&vote=00198,Agreed to,"On Cloture on the Motion to Proceed: Motion to Invoke Cloture on the Motion to Proceed to H.R. 674; To amend the Internal Revenue Code of 1986 to repeal the imposition of 3 percent withholding on certain payments made to vendors by government entities, to modify the calculation of modified adjusted gross income for purposes of determining eligibility for certain healthcare-related programs, and for other purposes.",[],H.R. 674,http://hdl.loc.gov/loc.uscongress/legislation.112hr674,Nov 07
112,1,197 (96-0),http://www.senate.gov/legislative/LIS/roll_call_lists/roll_call_vote_cfm.cfm?congress=112&session=1&vote=00197,Confirmed,"On the Nomination: Scott Wesley Skavdahl, of Wyoming, to be U.S. District Judge",[],PN261,https://www.congress.gov/nomination/112th-congress/261,Nov 03
112,1,196 (47-53),http://www.senate.gov/legislative/LIS/roll_call_lists/roll_call_vote_cfm.cfm?congress=112&session=1&vote=00196,Rejected,"On the Motion to Proceed: Motion to Proceed to Consider S. 1786; A bill to facilitate job creation by reducing regulatory uncertainty, providing for rational evaluation of regulations, providing flexibilities to States and localities, providing for infrastructure spending, and for other purposes.",[],S. 1786,http://hdl.loc.gov/loc.uscongress/legislation.112s1786,Nov 03
112,1,195 (51-49),http://www.senate.gov/legislative/LIS/roll_call_lists/roll_call_vote_cfm.cfm?congress=112&session=1&vote=00195,Rejected,On the Motion to Proceed: Motion to Proceed to Consider S. 1769; A bill to put workers back on the job while rebuilding and modernizing America.,[],S. 1769,http://hdl.loc.gov/loc.uscongress/legislation.112s1769,Nov 03
112,1,194 (69-30),http://www.senate.gov/legislative/LIS/roll_call_lists/roll_call_vote_cfm.cfm?congress=112&session=1&vote=00194,Passed,"On Passage of the Bill: H.R. 2112 as Amended; An act making consolidated appropriations for the Departments of Agriculture, Commerce, Justice, Transportation, and Housing and Urban Development, and related programs for the fiscal year ending September 30, 2012, and for other purposes.",[],H.R. 2112,http://hdl.loc.gov/loc.uscongress/legislation.112hr2112,Nov 01
112,1,193 (39-60),http://www.senate.gov/legislative/LIS/roll_call_lists/roll_call_vote_cfm.cfm?congress=112&session=1&vote=00193,Rejected,"On the Motion to Recommit: Lee Motion to Recommit H.R. 2112 to the Committee on Appropriations; An act making consolidated appropriations for the Departments of Agriculture, Commerce, Justice, Transportation, and Housing and Urban Development, and related programs for the fiscal year ending September 30, 2012, and for other purposes.",[],H.R. 2112,http://hdl.loc.gov/loc.uscongress/legislation.112hr2112,Nov 01
112,1,192 (41-57),http://www.senate.gov/legislative/LIS/roll_call_lists/roll_call_vote_cfm.cfm?congress=112&session=1&vote=00192,Rejected,On the Amendment S.Amdt. 801: Coburn Amdt No.801; To eliminate funding for the Small Community Air Service Development Program.,"[[""S.Amdt. 801"", ""http://hdl.loc.gov/loc.uscongress/legislation.112samdt801""]]",H.R. 2112,http://hdl.loc.gov/loc.uscongress/legislation.112hr2112,Nov 01
112,1,191 (44-54),http://www.senate.gov/legislative/LIS/roll_call_lists/roll_call_vote_cfm.cfm?congress=112&session=1&vote=00191,Rejected,On the Amendment S.Amdt. 763: DeMint Amdt. No. 763; To prohibit the use of funds to implement regulations regarding the removal of essential-use designation for epinephrine used in oral pressurized metered-dose inhalers.,"[[""S.Amdt. 763"", ""http://hdl.loc.gov/loc.uscongress/legislation.112samdt763""]]",H.R. 2112,http://hdl.loc.gov/loc.uscongress/legislation.112hr2112,Nov 01
112,1,190 (38-60),http://www.senate.gov/legislative/LIS/roll_call_lists/roll_call_vote_cfm.cfm?congress=112&session=1&vote=00190,Rejected,On the Amendment S.Amdt. 821: Paul Amdt. No. 821; To reallocate 10 percent of the amounts appropriated for capital investments in surface transportation infrastructure from transportation enhancement activities to the highway bridge program.,"[[""S.Amdt. 821"", ""http://hdl.loc.gov/loc.uscongress/legislation.112samdt821""]]",H.R. 2112,http://hdl.loc.gov/loc.uscongress/legislation.112hr2112,Nov 01
112,1,189 (13-85),http://www.senate.gov/legislative/LIS/roll_call_lists/roll_call_vote_cfm.cfm?congress=112&session=1&vote=00189,Rejected,On the Amendment S.Amdt. 800: Coburn Amdt. No. 800; To reduce funding for the Rural Development Agency.,"[[""S.Amdt. 800"", ""http://hdl.loc.gov/loc.uscongress/legislation.112samdt800""]]",H.R. 2112,http://hdl.loc.gov/loc.uscongress/legislation.112hr2112,Nov 01
112,1,188 (88-0),http://www.senate.gov/legislative/LIS/roll_call_lists/roll_call_vote_cfm.cfm?congress=112&session=1&vote=00188,Confirmed,"On the Nomination: Confirmation Stephen A. Higginson, of Louisiana, to be U.S. Circuit Judge",[],PN511,https://www.congress.gov/nomination/112th-congress/511,Oct 31
112,1,187 (82-16),http://www.senate.gov/legislative/LIS/roll_call_lists/roll_call_vote_cfm.cfm?congress=112&session=1&vote=00187,Agreed to,On the Cloture Motion S.Amdt. 738: Motion to Invoke Cloture on the Inouye Amdt. No. 738; In the nature of a substitute.,"[[""S.Amdt. 738"", ""http://hdl.loc.gov/loc.uscongress/legislation.112samdt738""]]",H.R. 2112,http://hdl.loc.gov/loc.uscongress/legislation.112hr2112,Oct 21
112,1,186 (47-52),http://www.senate.gov/legislative/LIS/roll_call_lists/roll_call_vote_cfm.cfm?congress=112&session=1&vote=00186,Rejected,On the Amendment S.Amdt. 753: Ayotte Amdt. No. 753; To prohibit the use of funds for the prosecution of enemy combatants in Article III courts of the United States.,"[[""S.Amdt. 753"", ""http://hdl.loc.gov/loc.uscongress/legislation.112samdt753""]]",H.R. 2112,http://hdl.loc.gov/loc.uscongress/legislation.112hr2112,Oct 21
112,1,185 (73-26),http://www.senate.gov/legislative/LIS/roll_call_lists/roll_call_vote_cfm.cfm?congress=112&session=1&vote=00185,Agreed to,On the Amendment S.Amdt. 796: Coburn Amdt. No. 796; To end lending schemes that force taxpayers to repay the loans of delinquent developers and bailout failed or poorly planned local projects.,"[[""S.Amdt. 796"", ""http://hdl.loc.gov/loc.uscongress/legislation.112samdt796""]]",H.R. 2112,http://hdl.loc.gov/loc.uscongress/legislation.112hr2112,Oct 21
112,1,184 (59-40),http://www.senate.gov/legislative/LIS/roll_call_lists/roll_call_vote_cfm.cfm?congress=112&session=1&vote=00184,Rejected,"On the Amendment S.Amdt. 792: Coburn Amdt. No. 792, As Modified; To end payments to landlords who are endangering the lives of children and needy families.","[[""S.Amdt. 792"", ""http://hdl.loc.gov/loc.uscongress/legislation.112samdt792""]]",H.R. 2112,http://hdl.loc.gov/loc.uscongress/legislation.112hr2112,Oct 21
112,1,183 (84-15),http://www.senate.gov/legislative/LIS/roll_call_lists/roll_call_vote_cfm.cfm?congress=112&session=1&vote=00183,Agreed to,"On the Amendment S.Amdt. 791: Coburn Amdt. No. 791; To prohibit the use of funds to provide direct payments to persons or legal entities with an average adjusted gross income in excess of $1,000,000.","[[""S.Amdt. 791"", ""http://hdl.loc.gov/loc.uscongress/legislation.112samdt791""]]",H.R. 2112,http://hdl.loc.gov/loc.uscongress/legislation.112hr2112,Oct 21
112,1,182 (41-58),http://www.senate.gov/legislative/LIS/roll_call_lists/roll_call_vote_cfm.cfm?congress=112&session=1&vote=00182,Rejected,On the Amendment S.Amdt. 810: Sessions Amdt. No. 810; To prohibit the use of funds to allow categorical eligibility for the supplemental nutrition assistance program.,"[[""S.Amdt. 810"", ""http://hdl.loc.gov/loc.uscongress/legislation.112samdt810""]]",H.R. 2112,http://hdl.loc.gov/loc.uscongress/legislation.112hr2112,Oct 20
112,1,181 (58-41),http://www.senate.gov/legislative/LIS/roll_call_lists/roll_call_vote_cfm.cfm?congress=112&session=1&vote=00181,Agreed to,On the Amendment S.Amdt. 869: Gillibrand Amdt. No. 869; To increase funding for the emergency conservation program and the emergency watershed protection program.,"[[""S.Amdt. 869"", ""http://hdl.loc.gov/loc.uscongress/legislation.112samdt869""]]",H.R. 2112,http://hdl.loc.gov/loc.uscongress/legislation.112hr2112,Oct 20
112,1,180 (60-38),http://www.senate.gov/legislative/LIS/roll_call_lists/roll_call_vote_cfm.cfm?congress=112&session=1&vote=00180,Agreed to,"On the Amendment S.Amdt. 857: Menendez Amdt. No. 857; To extend loan limits for programs of the government-sponsored enterprises, the Federal Housing Administration, and the Veterans Affairs Administration, and for other purposes.","[[""S.Amdt. 857"", ""http://hdl.loc.gov/loc.uscongress/legislation.112samdt857""]]",H.R. 2112,http://hdl.loc.gov/loc.uscongress/legislation.112hr2112,Oct 20
112,1,179 (41-57),http://www.senate.gov/legislative/LIS/roll_call_lists/roll_call_vote_cfm.cfm?congress=112&session=1&vote=00179,Rejected,On the Amendment S.Amdt. 917: Vitter Amdt. No. 917; To reestablish the maximum aggregate amount permitted to be provided by the taxpayers to Fannie Mae and Freddie Mac.,"[[""S.Amdt. 917"", ""http://hdl.loc.gov/loc.uscongress/legislation.112samdt917""]]",H.R. 2112,http://hdl.loc.gov/loc.uscongress/legislation.112hr2112,Oct 20
112,1,178 (57-43),http://www.senate.gov/legislative/LIS/roll_call_lists/roll_call_vote_cfm.cfm?congress=112&session=1&vote=00178,Rejected,On Cloture on the Motion to Proceed: Motion to Invoke Cloture on the Motion to Proceed to S. 1726; A bill to repeal the imposition of withholding on certain payments made to vendors by government entities.,[],S. 1726,http://hdl.loc.gov/loc.uscongress/legislation.112s1726,Oct 20
112,1,177 (50-50),http://www.senate.gov/legislative/LIS/roll_call_lists/roll_call_vote_cfm.cfm?congress=112&session=1&vote=00177,Rejected,On Cloture on the Motion to Proceed: Motion to Invoke Cloture on the Motion to Proceed to S. 1723; A bill to provide for teacher and first responder stabilization.,[],S. 1723,http://hdl.loc.gov/loc.uscongress/legislation.112s1723,Oct 20
112,1,176 (74-26),http://www.senate.gov/legislative/LIS/roll_call_lists/roll_call_vote_cfm.cfm?congress=112&session=1&vote=00176,Confirmed,"On the Nomination: Confirmation John Edgar Bryson, of California, to be Secretary of Commerce",[],PN677,https://www.congress.gov/nomination/112th-congress/677,Oct 20
112,1,175 (46-54),http://www.senate.gov/legislative/LIS/roll_call_lists/roll_call_vote_cfm.cfm?congress=112&session=1&vote=00175,Rejected,On the Amendment S.Amdt. 860: Grassley Amdt. No. 860; To ensure accountability in Federal grant programs administered by the Department of Justice.,"[[""S.Amdt. 860"", ""http://hdl.loc.gov/loc.uscongress/legislation.112samdt860""]]",H.R. 2112,http://hdl.loc.gov/loc.uscongress/legislation.112hr2112,Oct 20
112,1,174 (55-44),http://www.senate.gov/legislative/LIS/roll_call_lists/roll_call_vote_cfm.cfm?congress=112&session=1&vote=00174,Rejected,"On the Amendment S.Amdt. 879: Merkley Amdt. No. 879 As Modified; To prohibit amounts appropriated under this Act to carry out parts A and B of subtitle V of title 49, United States Code, from being expended unless all the steel, iron, and manufactured products used in the project are produced in the United States.","[[""S.Amdt. 879"", ""http://hdl.loc.gov/loc.uscongress/legislation.112samdt879""]]",H.R. 2112,http://hdl.loc.gov/loc.uscongress/legislation.112hr2112,Oct 20
112,1,173 (57-43),http://www.senate.gov/legislative/LIS/roll_call_lists/roll_call_vote_cfm.cfm?congress=112&session=1&vote=00173,Rejected,On the Amendment S.Amdt. 750: Webb Amdt. No. 750 As Modified; To establish the National Criminal Justice Commission.,"[[""S.Amdt. 750"", ""http://hdl.loc.gov/loc.uscongress/legislation.112samdt750""]]",H.R. 2112,http://hdl.loc.gov/loc.uscongress/legislation.112hr2112,Oct 20
112,1,172 (45-55),http://www.senate.gov/legislative/LIS/roll_call_lists/roll_call_vote_cfm.cfm?congress=112&session=1&vote=00172,Rejected,On the Amendment S.Amdt. 769: Vitter Amdt. No. 769 As Modified; To prohibit the Food and Drug Administration from preventing an individual not in the business of importing a prescription drug from importing an FDA-approved prescription drug from Canada.,"[[""S.Amdt. 769"", ""http://hdl.loc.gov/loc.uscongress/legislation.112samdt769""]]",H.R. 2112,http://hdl.loc.gov/loc.uscongress/legislation.112hr2112,Oct 20
112,1,171 (64-36),http://www.senate.gov/legislative/LIS/roll_call_lists/roll_call_vote_cfm.cfm?congress=112&session=1&vote=00171,Confirmed,"On the Nomination: Confirmation Heather A. Higginbottom, of D.C., to be Deputy Director of the Office of Management and Budget",[],PN154,https://www.congress.gov/nomination/112th-congress/154,Oct 20
112,1,170 (59-39),http://www.senate.gov/legislative/LIS/roll_call_lists/roll_call_vote_cfm.cfm?congress=112&session=1&vote=00170,Agreed to,"On the Motion to Table S.Amdt. 739: Motion to Table McCain Amdt. No. 739; To ensure that the critical surface transportation needs of the United States are made a priority by prohibiting funds from being used on lower-priority projects, such as transportation museums and landscaping.","[[""S.Amdt. 739"", ""http://hdl.loc.gov/loc.uscongress/legislation.112samdt739""]]",H.R. 2112,http://hdl.loc.gov/loc.uscongress/legislation.112hr2112,Oct 19
112,1,169 (82-17),http://www.senate.gov/legislative/LIS/roll_call_lists/roll_call_vote_cfm.cfm?congress=112&session=1&vote=00169,Confirmed,"On the Nomination: Confirmation Robert David Mariani, of Pennsylvania, to be United States District Judge",[],PN30,https://www.congress.gov/nomination/112th-congress/30,Oct 19
112,1,168 (44-55),http://www.senate.gov/legislative/LIS/roll_call_lists/roll_call_vote_cfm.cfm?congress=112&session=1&vote=00168,Rejected,On the Amendment S.Amdt. 740: McCain Amendment No. 740; To eliminate funding for the trade adjustment assistance for firms program.,"[[""S.Amdt. 740"", ""http://hdl.loc.gov/loc.uscongress/legislation.112samdt740""]]",H.R. 2112,http://hdl.loc.gov/loc.uscongress/legislation.112hr2112,Oct 18
112,1,167 (99-0),http://www.senate.gov/legislative/LIS/roll_call_lists/roll_call_vote_cfm.cfm?congress=112&session=1&vote=00167,Agreed to,"On the Amendment S.Amdt. 775: Cornyn Amendment No. 775, As Modified; To prohibit funding for Operation Fast and Furious or similar ""gun walking"" programs.","[[""S.Amdt. 775"", ""http://hdl.loc.gov/loc.uscongress/legislation.112samdt775""]]",H.R. 2112,http://hdl.loc.gov/loc.uscongress/legislation.112hr2112,Oct 18
112,1,166 (82-3),http://www.senate.gov/legislative/LIS/roll_call_lists/roll_call_vote_cfm.cfm?congress=112&session=1&vote=00166,Confirmed,"On the Nomination: Confirmation Cathy Bissoon, of Pennsylvania, to be United States District Judge",[],PN11,https://www.congress.gov/nomination/112th-congress/11,Oct 17
112,1,165 (83-8),http://www.senate.gov/legislative/LIS/roll_call_lists/roll_call_vote_cfm.cfm?congress=112&session=1&vote=00165,Confirmed,"On the Nomination: Susan Owens Hickey, of Arkansas, to be United States District Judge",[],PN399,https://www.congress.gov/nomination/112th-congress/399,Oct 13
112,1,164 (48-44),http://www.senate.gov/legislative/LIS/roll_call_lists/roll_call_vote_cfm.cfm?congress=112&session=1&vote=00164,Confirmed,"On the Nomination: Alison J. Nathan, of New York, to be United States District Judge",[],PN375,https://www.congress.gov/nomination/112th-congress/375,Oct 13
112,1,163 (66-33),http://www.senate.gov/legislative/LIS/roll_call_lists/roll_call_vote_cfm.cfm?congress=112&session=1&vote=00163,Passed,On Passage of the Bill: H.R. 3078; A bill to implement the United States-Colombia Trade Promotion Agreement.,[],H.R. 3078,http://hdl.loc.gov/loc.uscongress/legislation.112hr3078,Oct 12
112,1,162 (77-22),http://www.senate.gov/legislative/LIS/roll_call_lists/roll_call_vote_cfm.cfm?congress=112&session=1&vote=00162,Passed,On Passage of the Bill: H.R. 3079; A bill to implement the United States-Panama Trade Promotion Agreement.,[],H.R. 3079,http://hdl.loc.gov/loc.uscongress/legislation.112hr3079,Oct 12
112,1,161 (83-15),http://www.senate.gov/legislative/LIS/roll_call_lists/roll_call_vote_cfm.cfm?congress=112&session=1&vote=00161,Passed,On Passage of the Bill: H.R. 3080; A bill to implement the United States-Korea Free Trade Agreement.,[],H.R. 3080,http://hdl.loc.gov/loc.uscongress/legislation.112hr3080,Oct 12
112,1,160 (50-49),http://www.senate.gov/legislative/LIS/roll_call_lists/roll_call_vote_cfm.cfm?congress=112&session=1&vote=00160,Rejected,"On the Cloture Motion: Motion to Invoke Cloture on the Motion to Proceed to S. 1660; A bill to provide tax relief for American workers and businesses, to put workers back on the job while rebuilding and modernizing America, and to provide pathways back to work for Americans looking for jobs.",[],S. 1660,http://hdl.loc.gov/loc.uscongress/legislation.112s1660,Oct 11
112,1,159 (63-35),http://www.senate.gov/legislative/LIS/roll_call_lists/roll_call_vote_cfm.cfm?congress=112&session=1&vote=00159,Passed,"On Passage of the Bill: S.1619; A bill to provide for identification of misaligned currency, require action to correct the misalignment, and for other purposes.",[],S. 1619,http://hdl.loc.gov/loc.uscongress/legislation.112s1619,Oct 11
112,1,158 (98-0),http://www.senate.gov/legislative/LIS/roll_call_lists/roll_call_vote_cfm.cfm?congress=112&session=1&vote=00158,Confirmed,"On the Nomination: Confirmation Jane Margaret Triche-Milazzo, of Louisiana, to be U.S. District Judge.",[],PN350,https://www.congress.gov/nomination/112th-congress/350,Oct 11
112,1,157 (48-51),http://www.senate.gov/legislative/LIS/roll_call_lists/roll_call_vote_cfm.cfm?congress=112&session=1&vote=00157,Not Sustained,"On the Decision of the Chair: Shall the Decision of the Chair Stand as the Judgment of the Senate; A bill to provide for identification of misaligned currency, require action to correct the misalignment, and for other purposes.",[],S. 1619,http://hdl.loc.gov/loc.uscongress/legislation.112s1619,Oct 06
112,1,156 (62-38),http://www.senate.gov/legislative/LIS/roll_call_lists/roll_call_vote_cfm.cfm?congress=112&session=1&vote=00156,Agreed to,"On the Cloture Motion: Motion to Invoke Cloture on S. 1619; A bill to provide for identification of misaligned currency, require action to correct the misalignment, and for other purposes.",[],S. 1619,http://hdl.loc.gov/loc.uscongress/legislation.112s1619,Oct 06
112,1,155 (79-19),http://www.senate.gov/legislative/LIS/roll_call_lists/roll_call_vote_cfm.cfm?congress=112&session=1&vote=00155,Agreed to,"On the Cloture Motion: Motion to Invoke Cloture on the Motion to Proceed to Consider S. 1619.; A bill to provide for identification of misaligned currency, require action to correct the misalignment, and for other purposes.",[],S. 1619,http://hdl.loc.gov/loc.uscongress/legislation.112s1619,Oct 03
112,1,154 (96-0),http://www.senate.gov/legislative/LIS/roll_call_lists/roll_call_vote_cfm.cfm?congress=112&session=1&vote=00154,Confirmed,"On the Nomination: Confirmation Henry F. Floyd, of South Carolina, to be United States Circuit Judge for the Fourth Circuit",[],PN90,https://www.congress.gov/nomination/112th-congress/90,Oct 03
112,1,153 (79-12),http://www.senate.gov/legislative/LIS/roll_call_lists/roll_call_vote_cfm.cfm?congress=112&session=1&vote=00153,Agreed to,"On the Motion: Motion to Concur in the House Amdt. to the Senate Amdt. with an Amdt. No. 665; An Act making continuing appropriations for fiscal year 2012, and for other purposes.",[],H.R. 2608,http://hdl.loc.gov/loc.uscongress/legislation.112hr2608,Sep 26
112,1,152 (54-35),http://www.senate.gov/legislative/LIS/roll_call_lists/roll_call_vote_cfm.cfm?congress=112&session=1&vote=00152,Rejected,"On the Cloture Motion: Motion to Invoke Cloture on the Motion to Concur in the House Amdt. to the Senate Amdt. with an Amdt. No. 656; An Act making continuing appropriations for fiscal year 2012, and for other purposes.",[],H.R. 2608,http://hdl.loc.gov/loc.uscongress/legislation.112hr2608,Sep 26
112,1,151 (59-36),http://www.senate.gov/legislative/LIS/roll_call_lists/roll_call_vote_cfm.cfm?congress=112&session=1&vote=00151,Agreed to,On the Motion to Table S.Amdt. 655: Motion to Table the Motion to Concur in the House Amendment to the Senate Amendment to H.R. 2608 with an Amendment No. 655; To provide continuing appropriations in fiscal year 2011 and additional appropriations for disaster relief in fiscal years 2011 and 2012.,"[[""S.Amdt. 655"", ""http://hdl.loc.gov/loc.uscongress/legislation.112samdt655""]]",H.R. 2608,http://hdl.loc.gov/loc.uscongress/legislation.112hr2608,Sep 23
112,1,150 (70-27),http://www.senate.gov/legislative/LIS/roll_call_lists/roll_call_vote_cfm.cfm?congress=112&session=1&vote=00150,Passed,"On Passage of the Bill: H.R. 2832 as Amended; A bill to extend the Generalized System of Preferences, and for other purposes.",[],H.R. 2832,http://hdl.loc.gov/loc.uscongress/legislation.112hr2832,Sep 22
112,1,149 (69-28),http://www.senate.gov/legislative/LIS/roll_call_lists/roll_call_vote_cfm.cfm?congress=112&session=1&vote=00149,Agreed to,On the Amendment S.Amdt. 633: Casey Amdt. No. 633; To extend and modify trade adjustment assistance.,"[[""S.Amdt. 633"", ""http://hdl.loc.gov/loc.uscongress/legislation.112samdt633""]]",H.R. 2832,http://hdl.loc.gov/loc.uscongress/legislation.112hr2832,Sep 22
112,1,148 (48-48),http://www.senate.gov/legislative/LIS/roll_call_lists/roll_call_vote_cfm.cfm?congress=112&session=1&vote=00148,Rejected,On the Amendment S.Amdt. 634: Cornyn Amdt. No. 634; To provide Taiwan with critically needed United States-built multirole fighter aircraft to strengthen its self-defense capability against the increasing military threat from China.,"[[""S.Amdt. 634"", ""http://hdl.loc.gov/loc.uscongress/legislation.112samdt634""]]",H.R. 2832,http://hdl.loc.gov/loc.uscongress/legislation.112hr2832,Sep 22
112,1,147 (44-52),http://www.senate.gov/legislative/LIS/roll_call_lists/roll_call_vote_cfm.cfm?congress=112&session=1&vote=00147,Rejected,On the Amendment S.Amdt. 650: Thune Amdt. No. 650; To require a report on the consequences of failing to act on trade agreements.,"[[""S.Amdt. 650"", ""http://hdl.loc.gov/loc.uscongress/legislation.112samdt650""]]",H.R. 2832,http://hdl.loc.gov/loc.uscongress/legislation.112hr2832,Sep 22
112,1,146 (34-62),http://www.senate.gov/legislative/LIS/roll_call_lists/roll_call_vote_cfm.cfm?congress=112&session=1&vote=00146,Rejected,"On the Amendment S.Amdt. 651: Rubio Amdt. No. 651; To limit eligibility for trade adjustment assistance to workers who are laid off because of an increase in imports from, or a shift in production to, a country with which the United States has a free trade agreement in effect.","[[""S.Amdt. 651"", ""http://hdl.loc.gov/loc.uscongress/legislation.112samdt651""]]",H.R. 2832,http://hdl.loc.gov/loc.uscongress/legislation.112hr2832,Sep 22
112,1,145 (43-54),http://www.senate.gov/legislative/LIS/roll_call_lists/roll_call_vote_cfm.cfm?congress=112&session=1&vote=00145,Rejected,On the Amendment S.Amdt. 645: Kyl Amdt. No. 645; To repeal trade adjustment assistance for firms.,"[[""S.Amdt. 645"", ""http://hdl.loc.gov/loc.uscongress/legislation.112samdt645""]]",H.R. 2832,http://hdl.loc.gov/loc.uscongress/legislation.112hr2832,Sep 21
112,1,144 (40-57),http://www.senate.gov/legislative/LIS/roll_call_lists/roll_call_vote_cfm.cfm?congress=112&session=1&vote=00144,Rejected,On the Amendment S.Amdt. 642: Hatch Amdt. No. 642; To modify the eligibility requirements for trade adjustment assistance.,"[[""S.Amdt. 642"", ""http://hdl.loc.gov/loc.uscongress/legislation.112samdt642""]]",H.R. 2832,http://hdl.loc.gov/loc.uscongress/legislation.112hr2832,Sep 21
112,1,143 (46-53),http://www.senate.gov/legislative/LIS/roll_call_lists/roll_call_vote_cfm.cfm?congress=112&session=1&vote=00143,Rejected,On the Amendment S.Amdt. 625: McCain Amdt. No. 625; To extend the trade adjustment assistance as in effect before the enactment of the Trade and Globalization Adjustment Assistance of 2009.,"[[""S.Amdt. 625"", ""http://hdl.loc.gov/loc.uscongress/legislation.112samdt625""]]",H.R. 2832,http://hdl.loc.gov/loc.uscongress/legislation.112hr2832,Sep 21
112,1,142 (44-54),http://www.senate.gov/legislative/LIS/roll_call_lists/roll_call_vote_cfm.cfm?congress=112&session=1&vote=00142,Rejected,"On the Amendment S.Amdt. 641: Hatch Amdt. No. 641; To make the effective date of the amendments expanding the trade adjustment assistance program contingent on the enactment of the United States-Korea Free Trade Agreement Implementation Act, the United States-Columbia Trade Promotion Agreement Implementation Act, and the United States-Panama Trade Promotion Agreement Implementation Act.","[[""S.Amdt. 641"", ""http://hdl.loc.gov/loc.uscongress/legislation.112samdt641""]]",H.R. 2832,http://hdl.loc.gov/loc.uscongress/legislation.112hr2832,Sep 21
112,1,141 (45-55),http://www.senate.gov/legislative/LIS/roll_call_lists/roll_call_vote_cfm.cfm?congress=112&session=1&vote=00141,Rejected,On the Amendment S.Amdt. 626: McConnell Amdt. No. 626 as Modified; To provide trade promotion authority for the Trans-Pacific Partnership Agreement and for other trade agreements.,"[[""S.Amdt. 626"", ""http://hdl.loc.gov/loc.uscongress/legislation.112samdt626""]]",H.R. 2832,http://hdl.loc.gov/loc.uscongress/legislation.112hr2832,Sep 20
112,1,140 (99-0),http://www.senate.gov/legislative/LIS/roll_call_lists/roll_call_vote_cfm.cfm?congress=112&session=1&vote=00140,Confirmed,"On the Nomination: Confirmation Timothy M. Cain, of South Carolina, to be U.S. District Judge for the District of South Carolina",[],PN260,https://www.congress.gov/nomination/112th-congress/260,Sep 20
112,1,139 (84-8),http://www.senate.gov/legislative/LIS/roll_call_lists/roll_call_vote_cfm.cfm?congress=112&session=1&vote=00139,Agreed to,"On the Cloture Motion: Motion to Invoke Cloture on the Motion to Proceed to Consider H.R. 2832; A bill to extend the Generalized System of Preferences, and for other purposes.",[],H.R. 2832,http://hdl.loc.gov/loc.uscongress/legislation.112hr2832,Sep 19
112,1,138 (92-6),http://www.senate.gov/legislative/LIS/roll_call_lists/roll_call_vote_cfm.cfm?congress=112&session=1&vote=00138,Passed,"On Passage of the Bill: H.R. 2887; A bill to provide an extension of surface and air transportation programs, and for other purposes.",[],H.R. 2887,http://hdl.loc.gov/loc.uscongress/legislation.112hr2887,Sep 15
112,1,137 (36-61),http://www.senate.gov/legislative/LIS/roll_call_lists/roll_call_vote_cfm.cfm?congress=112&session=1&vote=00137,Rejected,On the Amendment S.Amdt. 622: Paul Amdt. No. 622; To decrease the authorizations of appropriations for the Federal Aviation Administration to fiscal year 2008 levels.,"[[""S.Amdt. 622"", ""http://hdl.loc.gov/loc.uscongress/legislation.112samdt622""]]",H.R. 2887,http://hdl.loc.gov/loc.uscongress/legislation.112hr2887,Sep 15
112,1,136 (14-84),http://www.senate.gov/legislative/LIS/roll_call_lists/roll_call_vote_cfm.cfm?congress=112&session=1&vote=00136,Rejected,On the Amendment S.Amdt. 621: Paul Amdt. No. 621; To limit the amount authorized to be expended from the Highway Trust Fund in any fiscal year to the amount anticipated to be deposited into the Highway Trust Fund in that fiscal year.,"[[""S.Amdt. 621"", ""http://hdl.loc.gov/loc.uscongress/legislation.112samdt621""]]",H.R. 2887,http://hdl.loc.gov/loc.uscongress/legislation.112hr2887,Sep 15
112,1,135 (62-37),http://www.senate.gov/legislative/LIS/roll_call_lists/roll_call_vote_cfm.cfm?congress=112&session=1&vote=00135,Agreed to,On the Amendment S.Amdt. 602: Reid Amdt. No. 602; In the nature of a substitute.,"[[""S.Amdt. 602"", ""http://hdl.loc.gov/loc.uscongress/legislation.112samdt602""]]",H.J.Res. 66,http://hdl.loc.gov/loc.uscongress/legislation.112hjres66,Sep 15
112,1,134 (20-78),http://www.senate.gov/legislative/LIS/roll_call_lists/roll_call_vote_cfm.cfm?congress=112&session=1&vote=00134,Rejected,On the Amendment S.Amdt. 613: Paul Amdt. No. 613; To offset the disaster relief appropriations by rescinding amounts for foreign assistance programs.,"[[""S.Amdt. 613"", ""http://hdl.loc.gov/loc.uscongress/legislation.112samdt613""]]",H.J.Res. 66,http://hdl.loc.gov/loc.uscongress/legislation.112hjres66,Sep 15
112,1,133 (54-45),http://www.senate.gov/legislative/LIS/roll_call_lists/roll_call_vote_cfm.cfm?congress=112&session=1&vote=00133,Rejected,"On the Amendment S.Amdt. 610: Coburn Amdt. No. 610; To save at least $7,000,000,000 by consolidating some duplicative and overlapping Government programs.","[[""S.Amdt. 610"", ""http://hdl.loc.gov/loc.uscongress/legislation.112samdt610""]]",H.J.Res. 66,http://hdl.loc.gov/loc.uscongress/legislation.112hjres66,Sep 15
112,1,132 (61-38),http://www.senate.gov/legislative/LIS/roll_call_lists/roll_call_vote_cfm.cfm?congress=112&session=1&vote=00132,Agreed to,On Cloture on the Motion to Proceed: Upon Reconsideration Cloture on the Motion to Proceed to Consider H.J.Res. 66; A joint resolution approving the renewal of import restrictions contained in the Burmese Freedom and Democracy Act of 2003.,[],H.J.Res. 66,http://hdl.loc.gov/loc.uscongress/legislation.112hjres66,Sep 13
112,1,131 (53-33),http://www.senate.gov/legislative/LIS/roll_call_lists/roll_call_vote_cfm.cfm?congress=112&session=1&vote=00131,Rejected,On the Cloture Motion: Motion to Invoke Cloture on the Motion to Proceed to Consider H. J. Res. 66; A joint resolution approving the renewal of import restrictions contained in the Burmese Freedom and Democracy Act of 2003.,[],H.J.Res. 66,http://hdl.loc.gov/loc.uscongress/legislation.112hjres66,Sep 12
112,1,130 (45-52),http://www.senate.gov/legislative/LIS/roll_call_lists/roll_call_vote_cfm.cfm?congress=112&session=1&vote=00130,Rejected,"On the Motion to Proceed: Motion to Proceed to the Consideration of S.J.Res. 25; A joint resolution relating to the disapproval of the President's exercise of authority to increase the debt limit, as submitted under section 3101A of title 31, United States Code, on August 2, 2011.",[],S.J.Res. 25,http://hdl.loc.gov/loc.uscongress/legislation.112sjres25,Sep 08
112,1,129 (89-9),http://www.senate.gov/legislative/LIS/roll_call_lists/roll_call_vote_cfm.cfm?congress=112&session=1&vote=00129,Passed,"On Passage of the Bill: H.R. 1249; A bill to amend title 35, United States Code, to provide for patent reform.",[],H.R. 1249,http://hdl.loc.gov/loc.uscongress/legislation.112hr1249,Sep 08
112,1,128 (50-48),http://www.senate.gov/legislative/LIS/roll_call_lists/roll_call_vote_cfm.cfm?congress=112&session=1&vote=00128,Agreed to,"On the Motion to Table S.Amdt. 599: Motion to Table Coburn Amdt. No. 599 as Modified; To amend the provision relating to funding the Patent and Trademark Office by establishing a United States Patent and Trademark Office Public Enterprise Fund, and for other purposes.","[[""S.Amdt. 599"", ""http://hdl.loc.gov/loc.uscongress/legislation.112samdt599""]]",H.R. 1249,http://hdl.loc.gov/loc.uscongress/legislation.112hr1249,Sep 08
112,1,127 (13-85),http://www.senate.gov/legislative/LIS/roll_call_lists/roll_call_vote_cfm.cfm?congress=112&session=1&vote=00127,Rejected,On the Amendment S.Amdt. 595: Cantwell Amdt. No. 595; To establish a transitional program for covered business method patents.,"[[""S.Amdt. 595"", ""http://hdl.loc.gov/loc.uscongress/legislation.112samdt595""]]",H.R. 1249,http://hdl.loc.gov/loc.uscongress/legislation.112hr1249,Sep 08
112,1,126 (47-51),http://www.senate.gov/legislative/LIS/roll_call_lists/roll_call_vote_cfm.cfm?congress=112&session=1&vote=00126,Rejected,On the Amendment S.Amdt. 600: Sessions Amdt. No. 600; To strike the provision relating to the calculation of the 60-day period for application of patent term extension.,"[[""S.Amdt. 600"", ""http://hdl.loc.gov/loc.uscongress/legislation.112samdt600""]]",H.R. 1249,http://hdl.loc.gov/loc.uscongress/legislation.112hr1249,Sep 08
112,1,125 (93-5),http://www.senate.gov/legislative/LIS/roll_call_lists/roll_call_vote_cfm.cfm?congress=112&session=1&vote=00125,Agreed to,"On the Cloture Motion: Motion to Invoke Cloture on the Motion to Proceed to H.R. 1249; A bill to amend title 35, United States Code, to provide for patent reform.",[],H.R. 1249,http://hdl.loc.gov/loc.uscongress/legislation.112hr1249,Sep 06
112,1,124 (96-2),http://www.senate.gov/legislative/LIS/roll_call_lists/roll_call_vote_cfm.cfm?congress=112&session=1&vote=00124,Confirmed,"On the Nomination: Confirmation Bernice Bouie Donald, of Tennessee, to be U.S. Circuit Judge for the Sixth Circuit",[],PN7,https://www.congress.gov/nomination/112th-congress/7,Sep 06
112,1,123 (74-26),http://www.senate.gov/legislative/LIS/roll_call_lists/roll_call_vote_cfm.cfm?congress=112&session=1&vote=00123,Agreed to,On the Motion: Motion to Concur in the House Amendment to S. 365; An act to provide for budget control.,[],S. 365,http://hdl.loc.gov/loc.uscongress/legislation.112s365,Aug 02
112,1,122 (50-49),http://www.senate.gov/legislative/LIS/roll_call_lists/roll_call_vote_cfm.cfm?congress=112&session=1&vote=00122,Rejected,"On the Cloture Motion: Motion to Invoke Cloture on the Motion to Concur in the House Amendment to S. 627, with Amdt. No. 589; A bill to establish the Commission on Freedom of Information Act Processing Delays.",[],S. 627,http://hdl.loc.gov/loc.uscongress/legislation.112s627,Jul 31
112,1,121 (75-20),http://www.senate.gov/legislative/LIS/roll_call_lists/roll_call_vote_cfm.cfm?congress=112&session=1&vote=00121,Agreed to,On the Motion: Motion to Instruct the Sgt. At Arms to Request Absent Senators; A bill to establish the Commission on Freedom of Information Act Processing Delays.,[],S. 627,http://hdl.loc.gov/loc.uscongress/legislation.112s627,Jul 30
112,1,120 (59-41),http://www.senate.gov/legislative/LIS/roll_call_lists/roll_call_vote_cfm.cfm?congress=112&session=1&vote=00120,Agreed to,On the Motion to Table: Motion to Table the Motion to Concur in the House Amendment to S. 627; A bill to establish the Commission on Freedom of Information Act Processing Delays.,[],S. 627,http://hdl.loc.gov/loc.uscongress/legislation.112s627,Jul 29
112,1,119 (76-23),http://www.senate.gov/legislative/LIS/roll_call_lists/roll_call_vote_cfm.cfm?congress=112&session=1&vote=00119,Agreed to,On the Motion: Motion to Instruct the Sergeant at Arms to Request Absent Senators; A bill to express the sense of the Senate on shared sacrifice in resolving the budget deficit.,[],S. 1323,http://hdl.loc.gov/loc.uscongress/legislation.112s1323,Jul 29
112,1,118 (100-0),http://www.senate.gov/legislative/LIS/roll_call_lists/roll_call_vote_cfm.cfm?congress=112&session=1&vote=00118,Confirmed,"On the Nomination: Confirmation Robert S. Mueller, III, of California, to be Director of the Federal Bureau of Investigation",[],PN847,https://www.congress.gov/nomination/112th-congress/847,Jul 27
112,1,117 (98-0),http://www.senate.gov/legislative/LIS/roll_call_lists/roll_call_vote_cfm.cfm?congress=112&session=1&vote=00117,Confirmed,"On the Nomination: Confirmation Paul A. Engelmayer of New York, to be United States District Judge",[],PN157,https://www.congress.gov/nomination/112th-congress/157,Jul 26
112,1,116 (51-46),http://www.senate.gov/legislative/LIS/roll_call_lists/roll_call_vote_cfm.cfm?congress=112&session=1&vote=00116,Agreed to,"On the Motion to Table: Motion to Table the Motion to Proceed to Consider H.R. 2560; A bill to cut, cap, and balance the Federal budget.",[],H.R. 2560,http://hdl.loc.gov/loc.uscongress/legislation.112hr2560,Jul 22
112,1,115 (97-2),http://www.senate.gov/legislative/LIS/roll_call_lists/roll_call_vote_cfm.cfm?congress=112&session=1&vote=00115,Passed,"On Passage of the Bill: H.R. 2055 as Amended; A bill making appropriations for military construction, the Department of Veterans Affairs, and related agencies for the fiscal year ending September 30, 2012, and for other purposes.",[],H.R. 2055,http://hdl.loc.gov/loc.uscongress/legislation.112hr2055,Jul 20
112,1,114 (69-30),http://www.senate.gov/legislative/LIS/roll_call_lists/roll_call_vote_cfm.cfm?congress=112&session=1&vote=00114,Agreed to,On the Motion to Table S.Amdt. 564: Motion to Table Coburn Amdt. No. 564; To require evidence of causal relationships for presumptions by the Secretary of Veterans Affairs of service connection for diseases associated with exposure to certain herbicide agents.,"[[""S.Amdt. 564"", ""http://hdl.loc.gov/loc.uscongress/legislation.112samdt564""]]",H.R. 2055,http://hdl.loc.gov/loc.uscongress/legislation.112hr2055,Jul 20
112,1,113 (69-30),http://www.senate.gov/legislative/LIS/roll_call_lists/roll_call_vote_cfm.cfm?congress=112&session=1&vote=00113,Agreed to,On the Motion to Table S.Amdt. 568: Motion to Table Vitter Amdt. No. 568; To provide that none of the funds appropriated or otherwise made available by this Act may be obligated or expended at a rate higher than the level of the Senate and House of Representative concurrent budget resolution for fiscal year 2012.,"[[""S.Amdt. 568"", ""http://hdl.loc.gov/loc.uscongress/legislation.112samdt568""]]",H.R. 2055,http://hdl.loc.gov/loc.uscongress/legislation.112hr2055,Jul 20
112,1,112 (80-13),http://www.senate.gov/legislative/LIS/roll_call_lists/roll_call_vote_cfm.cfm?congress=112&session=1&vote=00112,Confirmed,"On the Nomination: Confirmation J. Paul Oetken, of New York, to be U.S. District Judge for the Southern District of New York",[],PN93,https://www.congress.gov/nomination/112th-congress/93,Jul 18
112,1,111 (56-40),http://www.senate.gov/legislative/LIS/roll_call_lists/roll_call_vote_cfm.cfm?congress=112&session=1&vote=00111,Agreed to,"On the Motion: Motion to Waive Section 303 of the Congressional Budget Act on H.R. 2055, any amendments thereto and motions thereon; A bill making appropriations for military construction, the Department of Veterans Affairs, and related agencies for the fiscal year ending September 30, 2012, and for other purposes.",[],H.R. 2055,http://hdl.loc.gov/loc.uscongress/legislation.112hr2055,Jul 14
112,1,110 (71-26),http://www.senate.gov/legislative/LIS/roll_call_lists/roll_call_vote_cfm.cfm?congress=112&session=1&vote=00110,Agreed to,"On the Cloture Motion: Motion to Invoke Cloture on the Motion to Waive Section 303 of the Congressional Budget Act on H.R. 2055; A bill making appropriations for military construction, the Department of Veterans Affairs, and related agencies for the fiscal year ending September 30, 2012, and for other purposes.",[],H.R. 2055,http://hdl.loc.gov/loc.uscongress/legislation.112hr2055,Jul 14
112,1,109 (89-11),http://www.senate.gov/legislative/LIS/roll_call_lists/roll_call_vote_cfm.cfm?congress=112&session=1&vote=00109,Agreed to,"On Cloture on the Motion to Proceed: Motion to Invoke Cloture on the Motion to Proceed to H.R. 2055; A bill making appropriations for military construction, the Department of Veterans Affairs, and related agencies for the fiscal year ending September 30, 2012, and for other purposes.",[],H.R. 2055,http://hdl.loc.gov/loc.uscongress/legislation.112hr2055,Jul 13
112,1,108 (51-49),http://www.senate.gov/legislative/LIS/roll_call_lists/roll_call_vote_cfm.cfm?congress=112&session=1&vote=00108,Rejected,On the Cloture Motion: Motion to Invoke Cloture on S. 1323; A bill to express the sense of the Senate on shared sacrifice in resolving the budget deficit.,[],S. 1323,http://hdl.loc.gov/loc.uscongress/legislation.112s1323,Jul 13
112,1,107 (69-27),http://www.senate.gov/legislative/LIS/roll_call_lists/roll_call_vote_cfm.cfm?congress=112&session=1&vote=00107,Agreed to,On the Motion to Proceed: Motion to Proceed to Consider S. 1323; A bill to express the sense of the Senate on shared sacrifice in resolving the budget deficit.,[],S. 1323,http://hdl.loc.gov/loc.uscongress/legislation.112s1323,Jul 11
112,1,106 (74-22),http://www.senate.gov/legislative/LIS/roll_call_lists/roll_call_vote_cfm.cfm?congress=112&session=1&vote=00106,Agreed to,On Cloture on the Motion to Proceed: Motion to Invoke Cloture on the Motion to Proceed to Consider S. 1323; A bill to express the sense of the Senate on shared sacrifice in resolving the budget deficit.,[],S. 1323,http://hdl.loc.gov/loc.uscongress/legislation.112s1323,Jul 07
112,1,105 (83-8),http://www.senate.gov/legislative/LIS/roll_call_lists/roll_call_vote_cfm.cfm?congress=112&session=1&vote=00105,Agreed to,On the Motion: Motion to Instruct the Sergeant at Arms to Request Absent Senators; A bill to express the sense of the Senate on shared sacrifice in resolving the budget deficit.,[],S. 1323,http://hdl.loc.gov/loc.uscongress/legislation.112s1323,Jul 05
112,1,104 (94-0),http://www.senate.gov/legislative/LIS/roll_call_lists/roll_call_vote_cfm.cfm?congress=112&session=1&vote=00104,Confirmed,"On the Nomination: Confirmation David H. Petraeus, of New Hampshire, to be Director of the Central Intelligence Agency",[],PN604,https://www.congress.gov/nomination/112th-congress/604,Jun 30
112,1,103 (89-8),http://www.senate.gov/legislative/LIS/roll_call_lists/roll_call_vote_cfm.cfm?congress=112&session=1&vote=00103,Agreed to,On the Resolution: S. Res. 116 as Amended; A resolution to provide for expedited Senate consideration of certain nominations subject to advice and consent.,[],S.Res. 116,http://hdl.loc.gov/loc.uscongress/legislation.112sres116,Jun 29
112,1,102 (63-34),http://www.senate.gov/legislative/LIS/roll_call_lists/roll_call_vote_cfm.cfm?congress=112&session=1&vote=00102,Rejected,On the Amendment S.Amdt. 521: Coburn Amdt. No. 521; To prevent the creation of duplicative and overlapping Federal programs.,"[[""S.Amdt. 521"", ""http://hdl.loc.gov/loc.uscongress/legislation.112samdt521""]]",S.Res. 116,http://hdl.loc.gov/loc.uscongress/legislation.112sres116,Jun 29
112,1,101 (79-20),http://www.senate.gov/legislative/LIS/roll_call_lists/roll_call_vote_cfm.cfm?congress=112&session=1&vote=00101,Passed,On Passage of the Bill: S. 679 as Amended; A bill to reduce the number of executive positions subject to Senate confirmation.,[],S. 679,http://hdl.loc.gov/loc.uscongress/legislation.112s679,Jun 29
112,1,100 (25-74),http://www.senate.gov/legislative/LIS/roll_call_lists/roll_call_vote_cfm.cfm?congress=112&session=1&vote=00100,Rejected,On the Amendment S.Amdt. 511: DeMint Amdt. No. 511; To enhance accountability and transparency among various Executive agencies.,"[[""S.Amdt. 511"", ""http://hdl.loc.gov/loc.uscongress/legislation.112samdt511""]]",S. 679,http://hdl.loc.gov/loc.uscongress/legislation.112s679,Jun 29
112,1,99 (44-55),http://www.senate.gov/legislative/LIS/roll_call_lists/roll_call_vote_cfm.cfm?congress=112&session=1&vote=00099,Rejected,"On the Amendment S.Amdt. 501: DeMint Amdt. No. 501; To repeal the authority to provide certain loans to the International Monetary Fund, the increase in the United States quota to the Fund, and certain other related authorities, and to rescind related appropriated amounts.","[[""S.Amdt. 501"", ""http://hdl.loc.gov/loc.uscongress/legislation.112samdt501""]]",S. 679,http://hdl.loc.gov/loc.uscongress/legislation.112s679,Jun 29
112,1,98 (44-40),http://www.senate.gov/legislative/LIS/roll_call_lists/roll_call_vote_cfm.cfm?congress=112&session=1&vote=00098,Agreed to,On the Motion: Motion to Instruct the Sgt At Arms to Request the Presence of Absentee Senators; A bill to reduce the number of executive positions subject to Senate confirmation.,[],S. 679,http://hdl.loc.gov/loc.uscongress/legislation.112s679,Jun 28
112,1,97 (55-42),http://www.senate.gov/legislative/LIS/roll_call_lists/roll_call_vote_cfm.cfm?congress=112&session=1&vote=00097,Confirmed,"On the Nomination: Confirmation James Michael Cole, of the District of Columbia, to be Deputy Attorney General",[],PN49,https://www.congress.gov/nomination/112th-congress/49,Jun 28
112,1,96 (41-57),http://www.senate.gov/legislative/LIS/roll_call_lists/roll_call_vote_cfm.cfm?congress=112&session=1&vote=00096,Rejected,"On the Amendment S.Amdt. 510: DeMint Amdt. No. 510; To strike the provision relating to the Director, Bureau of Justice Statistics.","[[""S.Amdt. 510"", ""http://hdl.loc.gov/loc.uscongress/legislation.112samdt510""]]",S. 679,http://hdl.loc.gov/loc.uscongress/legislation.112s679,Jun 23
112,1,95 (47-51),http://www.senate.gov/legislative/LIS/roll_call_lists/roll_call_vote_cfm.cfm?congress=112&session=1&vote=00095,Rejected,On the Amendment S.Amdt. 499: Vitter Amdt. No. 499; To end the appointments of presidential Czars who have not been subject to the advice and consent of the Senate and to prohibit funds for any salaries and expenses for appointed Czars.,"[[""S.Amdt. 499"", ""http://hdl.loc.gov/loc.uscongress/legislation.112samdt499""]]",S. 679,http://hdl.loc.gov/loc.uscongress/legislation.112s679,Jun 23
112,1,94 (49-51),http://www.senate.gov/legislative/LIS/roll_call_lists/roll_call_vote_cfm.cfm?congress=112&session=1&vote=00094,Rejected,"On the Cloture Motion: Motion to Invoke Cloture on S. 782; A bill to amend the Public Works and Economic Development Act of 1965 to reauthorize that Act, and for other purposes.",[],S. 782,http://hdl.loc.gov/loc.uscongress/legislation.112s782,Jun 21
112,1,93 (100-0),http://www.senate.gov/legislative/LIS/roll_call_lists/roll_call_vote_cfm.cfm?congress=112&session=1&vote=00093,Confirmed,"On the Nomination: Confirmation Leon E. Panetta, of California, to be Secretary of Defense",[],PN598,https://www.congress.gov/nomination/112th-congress/598,Jun 21
112,1,92 (64-35),http://www.senate.gov/legislative/LIS/roll_call_lists/roll_call_vote_cfm.cfm?congress=112&session=1&vote=00092,Confirmed,"On the Nomination: Confirmation Michael H. Simon, of Oregon, to be U.S. District Judge",[],PN39,https://www.congress.gov/nomination/112th-congress/39,Jun 21
112,1,91 (41-59),http://www.senate.gov/legislative/LIS/roll_call_lists/roll_call_vote_cfm.cfm?congress=112&session=1&vote=00091,Rejected,On the Amendment S.Amdt. 411: McCain Amdt. 411; To prohibit the use of Federal funds to construct ethanol blender pumps or ethanol storage facilities.,"[[""S.Amdt. 411"", ""http://hdl.loc.gov/loc.uscongress/legislation.112samdt411""]]",S. 782,http://hdl.loc.gov/loc.uscongress/legislation.112s782,Jun 16
112,1,90 (73-27),http://www.senate.gov/legislative/LIS/roll_call_lists/roll_call_vote_cfm.cfm?congress=112&session=1&vote=00090,Agreed to,On the Amendment S.Amdt. 476: Feinstein Amdt. No. 476 As Modified; To repeal the Volumetric Ethanol Excise Tax Credit.,"[[""S.Amdt. 476"", ""http://hdl.loc.gov/loc.uscongress/legislation.112samdt476""]]",S. 782,http://hdl.loc.gov/loc.uscongress/legislation.112s782,Jun 16
112,1,89 (40-59),http://www.senate.gov/legislative/LIS/roll_call_lists/roll_call_vote_cfm.cfm?congress=112&session=1&vote=00089,Rejected,On the Cloture Motion S.Amdt. 436: Motion to Invoke Cloture on the Coburn Amdt. No. 436; To repeal the Volumetric Ethanol Excise Tax Credit.,"[[""S.Amdt. 436"", ""http://hdl.loc.gov/loc.uscongress/legislation.112samdt436""]]",S. 782,http://hdl.loc.gov/loc.uscongress/legislation.112s782,Jun 14
112,1,88 (98-0),http://www.senate.gov/legislative/LIS/roll_call_lists/roll_call_vote_cfm.cfm?congress=112&session=1&vote=00088,Confirmed,"On the Nomination: Confirmation Claire C. Cecchi, of New Jersey, to be U.S. District Judge",[],PN15,https://www.congress.gov/nomination/112th-congress/15,Jun 14
112,1,87 (53-46),http://www.senate.gov/legislative/LIS/roll_call_lists/roll_call_vote_cfm.cfm?congress=112&session=1&vote=00087,Rejected,"On the Amendment S.Amdt. 390: Snowe Amdt. No. 390; To reform the regulatory process to ensure that small businesses are free to compete and to create jobs, and for other purposes.","[[""S.Amdt. 390"", ""http://hdl.loc.gov/loc.uscongress/legislation.112samdt390""]]",S. 782,http://hdl.loc.gov/loc.uscongress/legislation.112s782,Jun 09
112,1,86 (54-45),http://www.senate.gov/legislative/LIS/roll_call_lists/roll_call_vote_cfm.cfm?congress=112&session=1&vote=00086,Rejected,"On the Amendment S.Amdt. 392: Tester Amdt. No. 392; To improve the regulatory structure for electronic debit card transactions, and for other purposes.","[[""S.Amdt. 392"", ""http://hdl.loc.gov/loc.uscongress/legislation.112samdt392""]]",S. 782,http://hdl.loc.gov/loc.uscongress/legislation.112s782,Jun 08
112,1,85 (72-16),http://www.senate.gov/legislative/LIS/roll_call_lists/roll_call_vote_cfm.cfm?congress=112&session=1&vote=00085,Confirmed,"On the Nomination: Confirmation Donald B. Verrilli, Jr. to be Solicitor General of the U.S.",[],PN97,https://www.congress.gov/nomination/112th-congress/97,Jun 06
112,1,84 (72-23),http://www.senate.gov/legislative/LIS/roll_call_lists/roll_call_vote_cfm.cfm?congress=112&session=1&vote=00084,Agreed to,"On the Motion: Motion to Concur in the House Amendment to S. 990 with Amdt. No. 347; A bill to provide for an additional temporary extension of programs under the Small Business Act and the Small Business Investment Act of 1958, and for other purposes.",[],S. 990,http://hdl.loc.gov/loc.uscongress/legislation.112s990,May 26
112,1,83 (91-4),http://www.senate.gov/legislative/LIS/roll_call_lists/roll_call_vote_cfm.cfm?congress=112&session=1&vote=00083,Agreed to,"On the Motion to Table S.Amdt. 365: Motion to Table Paul Amdt. No. 365; To limit suspicious activity reporting requirements to requests from law enforcement agencies, and for other purposes.","[[""S.Amdt. 365"", ""http://hdl.loc.gov/loc.uscongress/legislation.112samdt365""]]",S. 990,http://hdl.loc.gov/loc.uscongress/legislation.112s990,May 26
112,1,82 (85-10),http://www.senate.gov/legislative/LIS/roll_call_lists/roll_call_vote_cfm.cfm?congress=112&session=1&vote=00082,Agreed to,On the Motion to Table S.Amdt. 363: Motion to Table Paul Amdt. No. 363; To clarify that the authority to obtain information under the USA PATRIOT Act and subsequent reauthorizations does not include authority to obtain certain firearms records.,"[[""S.Amdt. 363"", ""http://hdl.loc.gov/loc.uscongress/legislation.112samdt363""]]",S. 990,http://hdl.loc.gov/loc.uscongress/legislation.112s990,May 26
112,1,81 (79-18),http://www.senate.gov/legislative/LIS/roll_call_lists/roll_call_vote_cfm.cfm?congress=112&session=1&vote=00081,Agreed to,"On the Cloture Motion: Motion to Invoke Cloture on the Motion to Concur in the House Amendment to S. 990 with Amdt. No. 347; A bill to provide for an additional temporary extension of programs under the Small Business Act and the Small Business Investment Act of 1958, and for other purposes.",[],S. 990,http://hdl.loc.gov/loc.uscongress/legislation.112s990,May 26
112,1,80 (7-90),http://www.senate.gov/legislative/LIS/roll_call_lists/roll_call_vote_cfm.cfm?congress=112&session=1&vote=00080,Rejected,On the Motion to Proceed: Motion to Proceed to Consider S. Con. Res. 20; A concurrent resolution setting forth the congressional budget for the United States Government for fiscal year 2012 and setting forth the appropriate budgetary levels for fiscal years 2013 through 2016.,[],S.Con.Res. 20,http://hdl.loc.gov/loc.uscongress/legislation.112sconres20,May 25
112,1,79 (42-55),http://www.senate.gov/legislative/LIS/roll_call_lists/roll_call_vote_cfm.cfm?congress=112&session=1&vote=00079,Rejected,On the Motion to Proceed: Motion to Proceed to Consider S. Con. Res. 21; A concurrent resolution setting forth the congressional budget for the United States Government for fiscal year 2012 and setting forth the appropriate budgetary levels for fiscal years 2013 through 2021.,[],S.Con.Res. 21,http://hdl.loc.gov/loc.uscongress/legislation.112sconres21,May 25
112,1,78 (0-97),http://www.senate.gov/legislative/LIS/roll_call_lists/roll_call_vote_cfm.cfm?congress=112&session=1&vote=00078,Rejected,"On the Motion to Proceed: Motion to Proceed to Consider S. Con. Res. 18; A concurrent resolution setting forth the President's budget request for the United States Government for fiscal year 2012, and setting forth the appropriate budgetary levels for fiscal years 2013 through 2021.",[],S.Con.Res. 18,http://hdl.loc.gov/loc.uscongress/legislation.112sconres18,May 25
112,1,77 (40-57),http://www.senate.gov/legislative/LIS/roll_call_lists/roll_call_vote_cfm.cfm?congress=112&session=1&vote=00077,Rejected,On the Motion to Proceed: Motion to Proceed to Consider H. Con. Res. 34; A concurrent resolution establishing the budget for the United States Government for fiscal year 2012 and setting forth appropriate budgetary levels for fiscal years 2013 through 2021.,[],H.Con.Res. 34,http://hdl.loc.gov/loc.uscongress/legislation.112hconres34,May 25
112,1,76 (74-13),http://www.senate.gov/legislative/LIS/roll_call_lists/roll_call_vote_cfm.cfm?congress=112&session=1&vote=00076,Agreed to,"On the Motion to Table: Motion to Table the Motion to Proceed to S. 1038; A bill to extend the expiring provisions of the USA PATRIOT Improvement and Reauthorization Act of 2005 and the Intelligence Reform and Terrorism Prevention Act of 2004 until June 1, 2015, and for other purposes.",[],S. 1038,http://hdl.loc.gov/loc.uscongress/legislation.112s1038,May 24
112,1,75 (74-8),http://www.senate.gov/legislative/LIS/roll_call_lists/roll_call_vote_cfm.cfm?congress=112&session=1&vote=00075,Agreed to,"On Cloture on the Motion to Proceed: Motion to Invoke Cloture on the Motion to Proceed to Consider S. 1038; A bill to extend the expiring provisions of the USA PATRIOT Improvement and Reauthorization Act of 2005 and the Intelligence Reform and Terrorism Prevention Act of 2004 until June 1, 2015, and for other purposes.",[],S. 1038,http://hdl.loc.gov/loc.uscongress/legislation.112s1038,May 23
112,1,74 (52-43),http://www.senate.gov/legislative/LIS/roll_call_lists/roll_call_vote_cfm.cfm?congress=112&session=1&vote=00074,Rejected,"On the Cloture Motion: Motion to Invoke Cloture on the Nomination of Goodwin Liu, of California, to be U.S. Circuit Judge for the Ninth Circuit",[],PN3,https://www.congress.gov/nomination/112th-congress/3,May 19
112,1,73 (42-57),http://www.senate.gov/legislative/LIS/roll_call_lists/roll_call_vote_cfm.cfm?congress=112&session=1&vote=00073,Rejected,"On the Motion to Proceed: Motion to Proceed to the Consideration of S. 953; A bill to authorize the conduct of certain lease sales in the Outer Continental Shelf, to amend the Outer Continental Shelf Lands Act to modify the requirements for exploration, and for other purposes.",[],S. 953,http://hdl.loc.gov/loc.uscongress/legislation.112s953,May 18
112,1,72 (52-48),http://www.senate.gov/legislative/LIS/roll_call_lists/roll_call_vote_cfm.cfm?congress=112&session=1&vote=00072,Rejected,"On the Motion to Proceed: Motion to Proceed to the Consideration of S. 940; A bill to reduce the Federal budget deficit by closing big oil tax loopholes, and for other purposes.",[],S. 940,http://hdl.loc.gov/loc.uscongress/legislation.112s940,May 17
112,1,71 (71-28),http://www.senate.gov/legislative/LIS/roll_call_lists/roll_call_vote_cfm.cfm?congress=112&session=1&vote=00071,Confirmed,"On the Nomination: Confirmation Susan L. Carney, of Connecticut, to be U.S. Circuit Judge",[],PN8,https://www.congress.gov/nomination/112th-congress/8,May 17
112,1,70 (94-0),http://www.senate.gov/legislative/LIS/roll_call_lists/roll_call_vote_cfm.cfm?congress=112&session=1&vote=00070,Confirmed,"On the Nomination: Confirmation Michael Francis Urbanski, of Virginia, to be U.S. District Judge for the Western District of Virginia",[],PN41,https://www.congress.gov/nomination/112th-congress/41,May 12
112,1,69 (96-0),http://www.senate.gov/legislative/LIS/roll_call_lists/roll_call_vote_cfm.cfm?congress=112&session=1&vote=00069,Confirmed,"On the Nomination: Confirmation Arenda L. Wright Allen, of Virginia, to be United States District Judge",[],PN9,https://www.congress.gov/nomination/112th-congress/9,May 11
112,1,68 (56-42),http://www.senate.gov/legislative/LIS/roll_call_lists/roll_call_vote_cfm.cfm?congress=112&session=1&vote=00068,Confirmed,"On the Nomination: Confirmation Edward Milton Chen, of California, to be U.S. District Judge for the Northern District of California",[],PN16,https://www.congress.gov/nomination/112th-congress/16,May 10
112,1,67 (50-40),http://www.senate.gov/legislative/LIS/roll_call_lists/roll_call_vote_cfm.cfm?congress=112&session=1&vote=00067,Rejected,"On the Cloture Motion: Motion to Invoke Cloture on the Nomination of James Michael Cole, of the District of Columbia, to be Deputy Attorney General",[],PN49,https://www.congress.gov/nomination/112th-congress/49,May 09
112,1,66 (50-44),http://www.senate.gov/legislative/LIS/roll_call_lists/roll_call_vote_cfm.cfm?congress=112&session=1&vote=00066,Confirmed,"On the Nomination: Confirmation John J. McConnell, Jr. of Rhode Island, to be U.S. District Judge",[],PN32,https://www.congress.gov/nomination/112th-congress/32,May 04
112,1,65 (63-33),http://www.senate.gov/legislative/LIS/roll_call_lists/roll_call_vote_cfm.cfm?congress=112&session=1&vote=00065,Agreed to,"On the Cloture Motion: Motion to Invoke Cloture on the Nomination of John J. McConnell, Jr. of Rhode Island to be U.S. District Judge",[],PN32,https://www.congress.gov/nomination/112th-congress/32,May 04
112,1,64 (52-44),http://www.senate.gov/legislative/LIS/roll_call_lists/roll_call_vote_cfm.cfm?congress=112&session=1&vote=00064,Rejected,"On the Cloture Motion: Motion to Invoke Cloture on S. 493; A bill to reauthorize and improve the SBIR and STTR programs, and for other purposes.",[],S. 493,http://hdl.loc.gov/loc.uscongress/legislation.112s493,May 04
112,1,63 (97-0),http://www.senate.gov/legislative/LIS/roll_call_lists/roll_call_vote_cfm.cfm?congress=112&session=1&vote=00063,Agreed to,"On the Resolution: S. Res. 159; A resolution honoring the members of the military and intelligence community who carried out the mission that killed Osama bin Laden, and for other purposes.",[],S.Res. 159,http://hdl.loc.gov/loc.uscongress/legislation.112sres159,May 03
112,1,62 (89-0),http://www.senate.gov/legislative/LIS/roll_call_lists/roll_call_vote_cfm.cfm?congress=112&session=1&vote=00062,Confirmed,"On the Nomination: Confirmation Kevin Hunter Sharp, of Tennessee, to be United States District Judge",[],PN38,https://www.congress.gov/nomination/112th-congress/38,May 02
112,1,61 (81-19),http://www.senate.gov/legislative/LIS/roll_call_lists/roll_call_vote_cfm.cfm?congress=112&session=1&vote=00061,Passed,"On Passage of the Bill: H.R. 1473; A bill making appropriations for the Department of Defense and the other departments and agencies of the Government for the fiscal year ending September 30, 2011, and for other purposes.",[],H.R. 1473,http://hdl.loc.gov/loc.uscongress/legislation.112hr1473,Apr 14
112,1,60 (42-58),http://www.senate.gov/legislative/LIS/roll_call_lists/roll_call_vote_cfm.cfm?congress=112&session=1&vote=00060,Rejected,On the Concurrent Resolution: H. Con. Res. 36; A concurrent resolution directing the Clerk of the House of Representatives to make a correction in the enrollment of H.R. 1473.,[],H.Con.Res. 36,http://hdl.loc.gov/loc.uscongress/legislation.112hconres36,Apr 14
112,1,59 (47-53),http://www.senate.gov/legislative/LIS/roll_call_lists/roll_call_vote_cfm.cfm?congress=112&session=1&vote=00059,Rejected,On the Concurrent Resolution: H. Con. Res. 35; A concurrent resolution directing the Clerk of the House of Representatives to make a correction in the enrollment of H.R. 1473.,[],H.Con.Res. 35,http://hdl.loc.gov/loc.uscongress/legislation.112hconres35,Apr 14
112,1,58 (96-0),http://www.senate.gov/legislative/LIS/roll_call_lists/roll_call_vote_cfm.cfm?congress=112&session=1&vote=00058,Confirmed,"On the Nomination: Confirmation John A. Kronstadt, of California, to be United States District Judge",[],PN29,https://www.congress.gov/nomination/112th-congress/29,Apr 12
112,1,57 (64-36),http://www.senate.gov/legislative/LIS/roll_call_lists/roll_call_vote_cfm.cfm?congress=112&session=1&vote=00057,Agreed to,On the Amendment S.Amdt. 273: Coburn Amdt. No. 273; To save at least $5 billion by consolidating some duplicative and overlapping government programs.,"[[""S.Amdt. 273"", ""http://hdl.loc.gov/loc.uscongress/legislation.112samdt273""]]",S. 493,http://hdl.loc.gov/loc.uscongress/legislation.112s493,Apr 06
112,1,56 (57-43),http://www.senate.gov/legislative/LIS/roll_call_lists/roll_call_vote_cfm.cfm?congress=112&session=1&vote=00056,Rejected,On the Amendment S.Amdt. 286: Inouye Amdt. No. 286; To provide for the Director of the Office of Management and Budget to submit recommended rescissions in accordance with the Congressional Budget and Impoundment Control Act of 1974 for Government programs and agencies with duplicative and overlapping missions.,"[[""S.Amdt. 286"", ""http://hdl.loc.gov/loc.uscongress/legislation.112samdt286""]]",S. 493,http://hdl.loc.gov/loc.uscongress/legislation.112s493,Apr 06
112,1,55 (100-0),http://www.senate.gov/legislative/LIS/roll_call_lists/roll_call_vote_cfm.cfm?congress=112&session=1&vote=00055,Agreed to,On the Amendment S.Amdt. 281: Coburn Amdt. No. 281; To save at least $20 million annually by ending federal unemployment payments to jobless millionaires and billionaires.,"[[""S.Amdt. 281"", ""http://hdl.loc.gov/loc.uscongress/legislation.112samdt281""]]",S. 493,http://hdl.loc.gov/loc.uscongress/legislation.112s493,Apr 06
112,1,54 (50-50),http://www.senate.gov/legislative/LIS/roll_call_lists/roll_call_vote_cfm.cfm?congress=112&session=1&vote=00054,Rejected,"On the Amendment S.Amdt. 183: McConnell Amdt. No. 183; To prohibit the Administrator of the Environmental Protection Agency from promulgating any regulation concerning, taking action relating to, or taking into consideration the emission of a greenhouse gas to address climate change.","[[""S.Amdt. 183"", ""http://hdl.loc.gov/loc.uscongress/legislation.112samdt183""]]",S. 493,http://hdl.loc.gov/loc.uscongress/legislation.112s493,Apr 06
112,1,53 (12-88),http://www.senate.gov/legislative/LIS/roll_call_lists/roll_call_vote_cfm.cfm?congress=112&session=1&vote=00053,Rejected,"On the Amendment S.Amdt. 215: Rockefeller Amdt. No. 215; To suspend, until the end of the 2-year period beginning on the date of enactment of this Act, any Environmental Protection Agency action under the Clean Air Act with respect to carbon dioxide or methane pursuant to certain proceedings, other than with respect to motor vehicle emissions.","[[""S.Amdt. 215"", ""http://hdl.loc.gov/loc.uscongress/legislation.112samdt215""]]",S. 493,http://hdl.loc.gov/loc.uscongress/legislation.112s493,Apr 06
112,1,52 (7-93),http://www.senate.gov/legislative/LIS/roll_call_lists/roll_call_vote_cfm.cfm?congress=112&session=1&vote=00052,Rejected,"On the Amendment S.Amdt. 277: Stabenow Amdt. No. 277; To suspend, for 2 years, any Environmental Protection Agency enforcement of greenhouse gas regulations, to exempt American agriculture from greenhouse gas regulations, and to increase the number of companies eligible to participate in the successful Advanced Energy Manufacturing Tax Credit Program.","[[""S.Amdt. 277"", ""http://hdl.loc.gov/loc.uscongress/legislation.112samdt277""]]",S. 493,http://hdl.loc.gov/loc.uscongress/legislation.112s493,Apr 06
112,1,51 (7-93),http://www.senate.gov/legislative/LIS/roll_call_lists/roll_call_vote_cfm.cfm?congress=112&session=1&vote=00051,Rejected,On the Amendment S.Amdt. 236: Baucus Amdt. No. 236; To prohibit the regulation of greenhouse gases from certain sources.,"[[""S.Amdt. 236"", ""http://hdl.loc.gov/loc.uscongress/legislation.112samdt236""]]",S. 493,http://hdl.loc.gov/loc.uscongress/legislation.112s493,Apr 06
112,1,50 (90-10),http://www.senate.gov/legislative/LIS/roll_call_lists/roll_call_vote_cfm.cfm?congress=112&session=1&vote=00050,Agreed to,"On the Motion to Table: Motion to Table Paul Motion to Commit S. 493, to Committee on Foreign Relations, with Instructions; A bill to reauthorize and improve the SBIR and STTR programs, and for other purposes.",[],S. 493,http://hdl.loc.gov/loc.uscongress/legislation.112s493,Apr 05
112,1,49 (87-12),http://www.senate.gov/legislative/LIS/roll_call_lists/roll_call_vote_cfm.cfm?congress=112&session=1&vote=00049,Passed,"On Passage of the Bill: H.R. 4; A bill to repeal the expansion of information reporting requirements for payments of $600 or more to corporations, and for other purposes.",[],H.R. 4,http://hdl.loc.gov/loc.uscongress/legislation.112hr4,Apr 05
112,1,48 (41-58),http://www.senate.gov/legislative/LIS/roll_call_lists/roll_call_vote_cfm.cfm?congress=112&session=1&vote=00048,Rejected,On the Amendment S.Amdt. 284: Menendez Amdt. No. 284; To protect small businesses from health insurance premium increases or losses of health insurance coverage.,"[[""S.Amdt. 284"", ""http://hdl.loc.gov/loc.uscongress/legislation.112samdt284""]]",H.R. 4,http://hdl.loc.gov/loc.uscongress/legislation.112hr4,Apr 05
112,1,47 (86-0),http://www.senate.gov/legislative/LIS/roll_call_lists/roll_call_vote_cfm.cfm?congress=112&session=1&vote=00047,Confirmed,"On the Nomination: Confirmation Jimmie V. Reyna, of Maryland, to be United States Circuit Judge for the Federal Circuit",[],PN1,https://www.congress.gov/nomination/112th-congress/1,Apr 04
112,1,46 (88-0),http://www.senate.gov/legislative/LIS/roll_call_lists/roll_call_vote_cfm.cfm?congress=112&session=1&vote=00046,Confirmed,"On the Nomination: Confirmation Mae A. D'Agostino, of New York, to be U.S. District Judge",[],PN18,https://www.congress.gov/nomination/112th-congress/18,Mar 28
112,1,45 (97-0),http://www.senate.gov/legislative/LIS/roll_call_lists/roll_call_vote_cfm.cfm?congress=112&session=1&vote=00045,Confirmed,"On the Nomination: Confirmation Amy Berman Jackson, of the District of Columbia, to be U.S. District Judge",[],PN26,https://www.congress.gov/nomination/112th-congress/26,Mar 17
112,1,44 (87-13),http://www.senate.gov/legislative/LIS/roll_call_lists/roll_call_vote_cfm.cfm?congress=112&session=1&vote=00044,Passed,"On the Joint Resolution: H.J.Res. 48; A joint resolution making further continuing appropriations for fiscal year 2011, and for other purposes.",[],H.J.Res. 48,http://hdl.loc.gov/loc.uscongress/legislation.112hjres48,Mar 17
112,1,43 (99-0),http://www.senate.gov/legislative/LIS/roll_call_lists/roll_call_vote_cfm.cfm?congress=112&session=1&vote=00043,Agreed to,On the Amendment S.Amdt. 216: Casey Amdt. No. 216; To require contractors to notify small business concerns that have been included in offers relating to contracts let by Federal agencies.,"[[""S.Amdt. 216"", ""http://hdl.loc.gov/loc.uscongress/legislation.112samdt216""]]",S. 493,http://hdl.loc.gov/loc.uscongress/legislation.112s493,Mar 16
112,1,42 (99-0),http://www.senate.gov/legislative/LIS/roll_call_lists/roll_call_vote_cfm.cfm?congress=112&session=1&vote=00042,Agreed to,On the Amendment S.Amdt. 193: Snowe Amdt. No. 193; To strike the Federal authorization of the National Veterans Business Development Corporation.,"[[""S.Amdt. 193"", ""http://hdl.loc.gov/loc.uscongress/legislation.112samdt193""]]",S. 493,http://hdl.loc.gov/loc.uscongress/legislation.112s493,Mar 16
112,1,41 (98-1),http://www.senate.gov/legislative/LIS/roll_call_lists/roll_call_vote_cfm.cfm?congress=112&session=1&vote=00041,Agreed to,On the Amendment S.Amdt. 182: Nelson (NE) Amdt. No. 182; Of a perfecting nature.,"[[""S.Amdt. 182"", ""http://hdl.loc.gov/loc.uscongress/legislation.112samdt182""]]",S. 493,http://hdl.loc.gov/loc.uscongress/legislation.112s493,Mar 16
112,1,40 (84-12),http://www.senate.gov/legislative/LIS/roll_call_lists/roll_call_vote_cfm.cfm?congress=112&session=1&vote=00040,Agreed to,"On the Motion to Proceed: Motion to Invoke Cloture on the Motion to Proceed to S. 493; A bill to reauthorize and improve the SBIR and STTR programs, and for other purposes.",[],S. 493,http://hdl.loc.gov/loc.uscongress/legislation.112s493,Mar 14
112,1,39 (96-0),http://www.senate.gov/legislative/LIS/roll_call_lists/roll_call_vote_cfm.cfm?congress=112&session=1&vote=00039,Confirmed,"On the Nomination: Confirmation James Emanuel Boasberg, of the District of Columbia, to be U.S. District Judge",[],PN12,https://www.congress.gov/nomination/112th-congress/12,Mar 14
112,1,38 (96-0),http://www.senate.gov/legislative/LIS/roll_call_lists/roll_call_vote_cfm.cfm?congress=112&session=1&vote=00038,Confirmed,"On the Nomination: Confirmation Max Oliver Cogburn, Jr., of North Carolina, to be U.S. District Judge",[],PN17,https://www.congress.gov/nomination/112th-congress/17,Mar 10
112,1,37 (42-58),http://www.senate.gov/legislative/LIS/roll_call_lists/roll_call_vote_cfm.cfm?congress=112&session=1&vote=00037,Rejected,On the Amendment S.Amdt. 149: Inouye Amdt. No. 149; In the nature of a substitute.,"[[""S.Amdt. 149"", ""http://hdl.loc.gov/loc.uscongress/legislation.112samdt149""]]",H.R. 1,http://hdl.loc.gov/loc.uscongress/legislation.112hr1,Mar 09
112,1,36 (44-56),http://www.senate.gov/legislative/LIS/roll_call_lists/roll_call_vote_cfm.cfm?congress=112&session=1&vote=00036,Rejected,"On Passage of the Bill: H.R. 1; An act making appropriations for disaster relief for the fiscal year ending September 30, 2013, and for other purposes.",[],H.R. 1,http://hdl.loc.gov/loc.uscongress/legislation.112hr1,Mar 09
112,1,35 (95-5),http://www.senate.gov/legislative/LIS/roll_call_lists/roll_call_vote_cfm.cfm?congress=112&session=1&vote=00035,Passed,"On Passage of the Bill: S. 23 as Amended; A bill to amend title 35, United States Code, to provide for patent reform.",[],S. 23,http://hdl.loc.gov/loc.uscongress/legislation.112s23,Mar 08
112,1,34 (87-3),http://www.senate.gov/legislative/LIS/roll_call_lists/roll_call_vote_cfm.cfm?congress=112&session=1&vote=00034,Agreed to,"On the Cloture Motion: Motion to Invoke Cloture on S. 23; A bill to amend title 35, United States Code, to provide for patent reform.",[],S. 23,http://hdl.loc.gov/loc.uscongress/legislation.112s23,Mar 07
112,1,33 (89-0),http://www.senate.gov/legislative/LIS/roll_call_lists/roll_call_vote_cfm.cfm?congress=112&session=1&vote=00033,Confirmed,"On the Nomination: Confirmation Anthony J. Battaglia, of California, to the be United States District Judge for the Southern District of California",[],PN10,https://www.congress.gov/nomination/112th-congress/10,Mar 07
112,1,32 (89-0),http://www.senate.gov/legislative/LIS/roll_call_lists/roll_call_vote_cfm.cfm?congress=112&session=1&vote=00032,Confirmed,"On the Nomination: Confirmation James E. Shadid, of Illinois, to be U.S. District Judge for the Central District of Illinois",[],PN37,https://www.congress.gov/nomination/112th-congress/37,Mar 07
112,1,31 (87-13),http://www.senate.gov/legislative/LIS/roll_call_lists/roll_call_vote_cfm.cfm?congress=112&session=1&vote=00031,Agreed to,On the Motion to Table S.Amdt. 133: Motion to Table Feinstein Amdt. No. 133 As Modified; To strike the first inventor to file requirement.,"[[""S.Amdt. 133"", ""http://hdl.loc.gov/loc.uscongress/legislation.112samdt133""]]",S. 23,http://hdl.loc.gov/loc.uscongress/legislation.112s23,Mar 03
112,1,30 (58-40),http://www.senate.gov/legislative/LIS/roll_call_lists/roll_call_vote_cfm.cfm?congress=112&session=1&vote=00030,Rejected,On the Amendment S.Amdt. 115: Lee Amdt. No. 115; To express the sense of the Senate in support of a balanced budget amendment to the Constitution.,"[[""S.Amdt. 115"", ""http://hdl.loc.gov/loc.uscongress/legislation.112samdt115""]]",S. 23,http://hdl.loc.gov/loc.uscongress/legislation.112s23,Mar 02
112,1,29 (91-9),http://www.senate.gov/legislative/LIS/roll_call_lists/roll_call_vote_cfm.cfm?congress=112&session=1&vote=00029,Passed,"On the Joint Resolution: H. J. Res. 44; A joint resolution making further continuing appropriations for fiscal year 2011, and for other purposes.",[],H.J.Res. 44,http://hdl.loc.gov/loc.uscongress/legislation.112hjres44,Mar 02
112,1,28 (52-47),http://www.senate.gov/legislative/LIS/roll_call_lists/roll_call_vote_cfm.cfm?congress=112&session=1&vote=00028,Agreed to,On the Motion to Table S.Amdt. 112: Motion to Table Toomey-Vitter Amdt. No. 112 As Modified; To require that the Government prioritize all obligations on the debt held by the public in the event that the debt limit is reached.,"[[""S.Amdt. 112"", ""http://hdl.loc.gov/loc.uscongress/legislation.112samdt112""]]",S. 23,http://hdl.loc.gov/loc.uscongress/legislation.112s23,Mar 01
112,1,27 (97-2),http://www.senate.gov/legislative/LIS/roll_call_lists/roll_call_vote_cfm.cfm?congress=112&session=1&vote=00027,Agreed to,On the Amendment S.Amdt. 121: Leahy-Grassley Amdt. No. 121 As Modified; To improve the bill.,"[[""S.Amdt. 121"", ""http://hdl.loc.gov/loc.uscongress/legislation.112samdt121""]]",S. 23,http://hdl.loc.gov/loc.uscongress/legislation.112s23,Mar 01
112,1,26 (90-0),http://www.senate.gov/legislative/LIS/roll_call_lists/roll_call_vote_cfm.cfm?congress=112&session=1&vote=00026,Confirmed,"On the Nomination: Confirmation Steve C. Jones, of Georgia, to be United States District Judge for the Northern District of Georgia",[],PN28,https://www.congress.gov/nomination/112th-congress/28,Feb 28
112,1,25 (87-8),http://www.senate.gov/legislative/LIS/roll_call_lists/roll_call_vote_cfm.cfm?congress=112&session=1&vote=00025,Passed,"On Passage of the Bill: S. 223 As Amended; A bill to modernize the air traffic control system, improve the safety, reliability, and availability of transportation by air in the United States, provide modernization of the air traffic control system, reauthorize the Federal Aviation Administration, and for other purposes.",[],S. 223,http://hdl.loc.gov/loc.uscongress/legislation.112s223,Feb 17
112,1,24 (59-40),http://www.senate.gov/legislative/LIS/roll_call_lists/roll_call_vote_cfm.cfm?congress=112&session=1&vote=00024,Agreed to,On the Motion to Table S.Amdt. 91: Motion to Table Coburn Amdt. No. 91; To decrease the Federal share of project costs under the airport improvement program for non-primary airports.,"[[""S.Amdt. 91"", ""http://hdl.loc.gov/loc.uscongress/legislation.112samdt91""]]",S. 223,http://hdl.loc.gov/loc.uscongress/legislation.112s223,Feb 17
112,1,23 (34-65),http://www.senate.gov/legislative/LIS/roll_call_lists/roll_call_vote_cfm.cfm?congress=112&session=1&vote=00023,Rejected,On the Motion to Table S.Amdt. 80: Motion to Table Coburn Amdt. No. 80 As Modified; To limit essential air service to locations that are 100 or more miles away from the nearest medium or large hub airport.,"[[""S.Amdt. 80"", ""http://hdl.loc.gov/loc.uscongress/legislation.112samdt80""]]",S. 223,http://hdl.loc.gov/loc.uscongress/legislation.112s223,Feb 17
112,1,22 (52-47),http://www.senate.gov/legislative/LIS/roll_call_lists/roll_call_vote_cfm.cfm?congress=112&session=1&vote=00022,Agreed to,On the Motion to Table S.Amdt. 18: Motion to Table Paul Amdt. No. 18; To strike the provisions relating to clarifying a memorandum of understanding between the Federal Aviation Administration and the Occupational Safety and Health Administration.,"[[""S.Amdt. 18"", ""http://hdl.loc.gov/loc.uscongress/legislation.112samdt18""]]",S. 223,http://hdl.loc.gov/loc.uscongress/legislation.112s223,Feb 17
112,1,21 (61-38),http://www.senate.gov/legislative/LIS/roll_call_lists/roll_call_vote_cfm.cfm?congress=112&session=1&vote=00021,Agreed to,On the Motion to Table S.Amdt. 4: Motion to Table McCain Amdt. No. 4; To repeal the essential air service program.,"[[""S.Amdt. 4"", ""http://hdl.loc.gov/loc.uscongress/legislation.112samdt4""]]",S. 223,http://hdl.loc.gov/loc.uscongress/legislation.112s223,Feb 17
112,1,20 (96-2),http://www.senate.gov/legislative/LIS/roll_call_lists/roll_call_vote_cfm.cfm?congress=112&session=1&vote=00020,Agreed to,"On the Cloture Motion: Motion to Invoke Cloture on S. 223; A bill to modernize the air traffic control system, improve the safety, reliability, and availability of transportation by air in the United States, provide modernization of the air traffic control system, reauthorize the Federal Aviation Administration, and for other purposes.",[],S. 223,http://hdl.loc.gov/loc.uscongress/legislation.112s223,Feb 17
112,1,19 (86-12),http://www.senate.gov/legislative/LIS/roll_call_lists/roll_call_vote_cfm.cfm?congress=112&session=1&vote=00019,Passed,"On Passage of the Bill: H.R. 514 As Amended; A bill to extend expiring provisions of the USA PATRIOT Improvement and Reauthorization Act of 2005 and Intelligence Reform and Terrorism Prevention Act of 2004 relating to access to business records, individual terrorists as agents of foreign powers, and roving wiretaps until December 8, 2011.",[],H.R. 514,http://hdl.loc.gov/loc.uscongress/legislation.112hr514,Feb 15
112,1,18 (51-47),http://www.senate.gov/legislative/LIS/roll_call_lists/roll_call_vote_cfm.cfm?congress=112&session=1&vote=00018,Agreed to,On the Motion to Table S.Amdt. 21: Motion to Table Paul Amdt. No. 21; To reduce the total amount authorized to be appropriated for the Federal Aviation Administration for fiscal year 2011 to the total amount authorized to be appropriated for the Administration for fiscal year 2008.,"[[""S.Amdt. 21"", ""http://hdl.loc.gov/loc.uscongress/legislation.112samdt21""]]",S. 223,http://hdl.loc.gov/loc.uscongress/legislation.112s223,Feb 15
112,1,17 (47-51),http://www.senate.gov/legislative/LIS/roll_call_lists/roll_call_vote_cfm.cfm?congress=112&session=1&vote=00017,Rejected,On the Amendment S.Amdt. 14: Wicker Amdt. No. 14 As Modified; To exclude employees of the Transportation Security Administration from the collective bargaining rights of Federal employees and provide employment rights and an employee engagement mechanism for passenger and property screeners.,"[[""S.Amdt. 14"", ""http://hdl.loc.gov/loc.uscongress/legislation.112samdt14""]]",S. 223,http://hdl.loc.gov/loc.uscongress/legislation.112s223,Feb 15
112,1,16 (98-0),http://www.senate.gov/legislative/LIS/roll_call_lists/roll_call_vote_cfm.cfm?congress=112&session=1&vote=00016,Agreed to,On the Amendment S.Amdt. 58: Nelson (NE) Amdt. No. 58 As Amended; To impose a criminal penalty for unauthorized recording or distribution of images produced using advanced imaging technology during screenings of individuals at airports and upon entry to Federal buildings.,"[[""S.Amdt. 58"", ""http://hdl.loc.gov/loc.uscongress/legislation.112samdt58""]]",S. 223,http://hdl.loc.gov/loc.uscongress/legislation.112s223,Feb 15
112,1,15 (93-0),http://www.senate.gov/legislative/LIS/roll_call_lists/roll_call_vote_cfm.cfm?congress=112&session=1&vote=00015,Confirmed,"On the Nomination: Confirmation Edward J. Davila, of California, to be United States District Judge for the Northern District of California",[],PN21,https://www.congress.gov/nomination/112th-congress/21,Feb 14
112,1,14 (96-1),http://www.senate.gov/legislative/LIS/roll_call_lists/roll_call_vote_cfm.cfm?congress=112&session=1&vote=00014,Agreed to,On the Amendment S.Amdt. 34: Nelson (FL) Amdt. No. 34; To strike section 605.,"[[""S.Amdt. 34"", ""http://hdl.loc.gov/loc.uscongress/legislation.112samdt34""]]",S. 223,http://hdl.loc.gov/loc.uscongress/legislation.112s223,Feb 08
112,1,13 (95-0),http://www.senate.gov/legislative/LIS/roll_call_lists/roll_call_vote_cfm.cfm?congress=112&session=1&vote=00013,Confirmed,"On the Nomination: Confirmation Paul Kinloch Holmes III, of Arkansas, to be U.S. District Judge",[],PN24,https://www.congress.gov/nomination/112th-congress/24,Feb 07
112,1,12 (94-0),http://www.senate.gov/legislative/LIS/roll_call_lists/roll_call_vote_cfm.cfm?congress=112&session=1&vote=00012,Confirmed,"On the Nomination: Confirmation Diana Saldana, of Texas, to be U.S. District Judge",[],PN36,https://www.congress.gov/nomination/112th-congress/36,Feb 07
112,1,11 (55-42),http://www.senate.gov/legislative/LIS/roll_call_lists/roll_call_vote_cfm.cfm?congress=112&session=1&vote=00011,Agreed to,On the Motion to Table S.Amdt. 19: Motion to Table Paul Amdt. No. 19; To limit the application of the Davis-Bacon Act in the case of projects funded under this Act.,"[[""S.Amdt. 19"", ""http://hdl.loc.gov/loc.uscongress/legislation.112samdt19""]]",S. 223,http://hdl.loc.gov/loc.uscongress/legislation.112s223,Feb 03
112,1,10 (96-1),http://www.senate.gov/legislative/LIS/roll_call_lists/roll_call_vote_cfm.cfm?congress=112&session=1&vote=00010,Agreed to,"On the Amendment S.Amdt. 8: Whitehouse Amdt. No. 8; To amend title 18, United States Code, to provide penalties for aiming laser pointers at airplanes, and for other purposes.","[[""S.Amdt. 8"", ""http://hdl.loc.gov/loc.uscongress/legislation.112samdt8""]]",S. 223,http://hdl.loc.gov/loc.uscongress/legislation.112s223,Feb 03
112,1,9 (47-51),http://www.senate.gov/legislative/LIS/roll_call_lists/roll_call_vote_cfm.cfm?congress=112&session=1&vote=00009,Rejected,On the Motion S.Amdt. 13: Motion to Waive All Applicable Budgetary Discipline Re: McConnell Amdt. No. 13; To repeal the job-killing health care law and health care-related provisions in the Health Care and Education Reconciliation Act of 2010.,"[[""S.Amdt. 13"", ""http://hdl.loc.gov/loc.uscongress/legislation.112samdt13""]]",S. 223,http://hdl.loc.gov/loc.uscongress/legislation.112s223,Feb 02
112,1,8 (81-17),http://www.senate.gov/legislative/LIS/roll_call_lists/roll_call_vote_cfm.cfm?congress=112&session=1&vote=00008,Agreed to,"On the Motion S.Amdt. 9: Motion to Waive All Budgetary Discipline Re: Stabenow Amdt. No. 9; To repeal the expansion of information reporting requirements for payments of $600 or more to corporations, and for other purposes.","[[""S.Amdt. 9"", ""http://hdl.loc.gov/loc.uscongress/legislation.112samdt9""]]",S. 223,http://hdl.loc.gov/loc.uscongress/legislation.112s223,Feb 02
112,1,7 (44-54),http://www.senate.gov/legislative/LIS/roll_call_lists/roll_call_vote_cfm.cfm?congress=112&session=1&vote=00007,Rejected,"On the Amendment S.Amdt. 28: Levin Amdt. No. 28; To repeal the expansion of information reporting requirements under the Patient Protection and Affordable Care Act, and for other purposes.","[[""S.Amdt. 28"", ""http://hdl.loc.gov/loc.uscongress/legislation.112samdt28""]]",S. 223,http://hdl.loc.gov/loc.uscongress/legislation.112s223,Feb 02
112,1,6 (46-49),http://www.senate.gov/legislative/LIS/roll_call_lists/roll_call_vote_cfm.cfm?congress=112&session=1&vote=00006,Rejected,On the Resolution: S. Res. 21 As Amended; A resolution to amend the Standing Rules of the Senate to provide procedures for extended debate.,[],S.Res. 21,http://hdl.loc.gov/loc.uscongress/legislation.112sres21,Jan 27
112,1,5 (44-51),http://www.senate.gov/legislative/LIS/roll_call_lists/roll_call_vote_cfm.cfm?congress=112&session=1&vote=00005,Rejected,On the Resolution: S. Res. 10 As Amended; A resolution to improve the debate and consideration of legislative matters and nominations in the Senate.,[],S.Res. 10,http://hdl.loc.gov/loc.uscongress/legislation.112sres10,Jan 27
112,1,4 (12-84),http://www.senate.gov/legislative/LIS/roll_call_lists/roll_call_vote_cfm.cfm?congress=112&session=1&vote=00004,Rejected,On the Resolution: S. Res. 8; A resolution amending the Standing Rules of the Senate to provide for cloture to be invoked with less than a three-fifths majority after additional debate.,[],S.Res. 8,http://hdl.loc.gov/loc.uscongress/legislation.112sres8,Jan 27
112,1,3 (81-15),http://www.senate.gov/legislative/LIS/roll_call_lists/roll_call_vote_cfm.cfm?congress=112&session=1&vote=00003,Agreed to,On the Resolution: S. Res. 29; A resolution to permit the waiving of the reading of an amendment if the text and adequate notice are provided.,[],S.Res. 29,http://hdl.loc.gov/loc.uscongress/legislation.112sres29,Jan 27
112,1,2 (92-4),http://www.senate.gov/legislative/LIS/roll_call_lists/roll_call_vote_cfm.cfm?congress=112&session=1&vote=00002,Agreed to,On the Resolution: S. Res. 28; A resolution to establish as a standing order of the Senate that a Senator publicly disclose a notice of intent to objecting to any measure or matter.,[],S.Res. 28,http://hdl.loc.gov/loc.uscongress/legislation.112sres28,Jan 27
112,1,1 (97-0),http://www.senate.gov/legislative/LIS/roll_call_lists/roll_call_vote_cfm.cfm?congress=112&session=1&vote=00001,Agreed to,"On the Resolution: S.Res. 14; A resolution honoring the victims and heroes of the shooting on January 8, 2011 in Tucson, Arizona.",[],S.Res. 14,http://hdl.loc.gov/loc.uscongress/legislation.112sres14,Jan 26
